-- phpMyAdmin SQL Dump
-- version 4.1.14
-- http://www.phpmyadmin.net
--
-- Host: 127.0.0.1
-- Generation Time: Feb 11, 2017 at 03:16 AM
-- Server version: 5.6.17
-- PHP Version: 5.5.12

SET SQL_MODE = "NO_AUTO_VALUE_ON_ZERO";
SET time_zone = "+00:00";


/*!40101 SET @OLD_CHARACTER_SET_CLIENT=@@CHARACTER_SET_CLIENT */;
/*!40101 SET @OLD_CHARACTER_SET_RESULTS=@@CHARACTER_SET_RESULTS */;
/*!40101 SET @OLD_COLLATION_CONNECTION=@@COLLATION_CONNECTION */;
/*!40101 SET NAMES utf8 */;

--
-- Database: `scouting2017`
--

-- --------------------------------------------------------

--
-- Table structure for table `competitions`
--

CREATE TABLE IF NOT EXISTS `competitions` (
  `id` int(11) NOT NULL AUTO_INCREMENT,
  `name` varchar(100) NOT NULL,
  `current` tinyint(1) NOT NULL DEFAULT '0',
  `leftSideAlliance` enum('red','blue') NOT NULL,
  PRIMARY KEY (`id`)
) ENGINE=InnoDB  DEFAULT CHARSET=latin1 AUTO_INCREMENT=3 ;

--
-- Dumping data for table `competitions`
--

INSERT INTO `competitions` (`id`, `name`, `current`, `leftSideAlliance`) VALUES
(1, 'Central Illinois Regional', 0, 'blue'),
(2, 'Midwest Regional', 1, 'red');

-- --------------------------------------------------------

--
-- Table structure for table `defenses`
--

CREATE TABLE IF NOT EXISTS `defenses` (
  `id` int(11) NOT NULL AUTO_INCREMENT,
  `name` varchar(100) NOT NULL,
  `category` varchar(5) NOT NULL,
  `img` varchar(200) NOT NULL,
  PRIMARY KEY (`id`)
) ENGINE=InnoDB  DEFAULT CHARSET=latin1 AUTO_INCREMENT=10 ;

--
-- Dumping data for table `defenses`
--

INSERT INTO `defenses` (`id`, `name`, `category`, `img`) VALUES
(1, 'Portcullis', 'A', 'portcullis.jpg'),
(2, 'Cheval de Frise', 'A', 'chivaldefrise.jpg'),
(3, 'Moat', 'B', 'moat.jpg'),
(4, 'Ramparts', 'B', 'ramparts.jpg'),
(5, 'Drawbridge', 'C', 'drawbridge.jpg'),
(6, 'Sally Port', 'C', 'sallyport.jpg'),
(7, 'Rock Wall', 'D', 'rockwall.jpg'),
(8, 'Rough Terrain', 'D', 'roughterrain.jpg'),
(9, 'Low Bar', '', 'lowbar.jpg');

-- --------------------------------------------------------

--
-- Table structure for table `devices`
--

CREATE TABLE IF NOT EXISTS `devices` (
  `deviceID` varchar(7) NOT NULL,
  PRIMARY KEY (`deviceID`)
) ENGINE=InnoDB DEFAULT CHARSET=latin1;

--
-- Dumping data for table `devices`
--

INSERT INTO `devices` (`deviceID`) VALUES
('9xEkNl'),
('aeis6e'),
('aI1Q4R'),
('BEhYYb'),
('d8UxOU'),
('DoWG4r'),
('Ezv2E5'),
('GfRiLj'),
('gJWEz2'),
('Gsenvh'),
('hZIHOT'),
('j8JFUM'),
('lVIuDL'),
('lxHmaj'),
('Ml1Q6e'),
('oo2xiI'),
('pfKhDz'),
('q8Epk3'),
('qfrl5f'),
('qoMTbl'),
('Sxxni4'),
('tkIvJo'),
('U09KLW'),
('vGYNit'),
('VyIXgW'),
('WfoOzB'),
('wliMtL'),
('wusL24'),
('Y0BAgc'),
('ZklxHm'),
('zy19sp');

-- --------------------------------------------------------

--
-- Table structure for table `matchbreaches`
--

CREATE TABLE IF NOT EXISTS `matchbreaches` (
  `id` int(11) NOT NULL AUTO_INCREMENT,
  `teamMatchID` int(11) NOT NULL,
  `orderID` int(11) NOT NULL,
  `mode` enum('tele','auto') NOT NULL,
  `startZone` int(11) NOT NULL,
  `defenseID` int(11) NOT NULL,
  `endZone` int(11) DEFAULT NULL,
  `fail` tinyint(1) NOT NULL,
  PRIMARY KEY (`id`),
  KEY `teamMatchID` (`teamMatchID`),
  KEY `defenseID` (`defenseID`),
  KEY `startZone` (`startZone`),
  KEY `endZone` (`endZone`)
) ENGINE=InnoDB DEFAULT CHARSET=latin1 AUTO_INCREMENT=1 ;

-- --------------------------------------------------------

--
-- Table structure for table `matchclimbs`
--

CREATE TABLE IF NOT EXISTS `matchclimbs` (
  `id` int(11) NOT NULL AUTO_INCREMENT,
  `teamMatchID` int(11) NOT NULL,
  `mode` enum('tele','auto') NOT NULL,
  `batterReached` tinyint(1) NOT NULL,
  `duration` int(11) NOT NULL,
  `offensiveRating` int(11) NOT NULL,
  `defensiveRating` int(11) NOT NULL,
  `success` tinyint(1) NOT NULL,
  PRIMARY KEY (`id`),
  KEY `teamMatchID` (`teamMatchID`)
) ENGINE=InnoDB DEFAULT CHARSET=latin1 AUTO_INCREMENT=1 ;

-- --------------------------------------------------------

--
-- Table structure for table `matchdefenses`
--

CREATE TABLE IF NOT EXISTS `matchdefenses` (
  `matchID` int(11) NOT NULL,
  `side` enum('red','blue') NOT NULL,
  `slot` tinyint(4) NOT NULL,
  `defenseID` int(11) NOT NULL,
  UNIQUE KEY `unique_defenses` (`matchID`,`side`,`defenseID`)
) ENGINE=InnoDB DEFAULT CHARSET=latin1;

-- --------------------------------------------------------

--
-- Table structure for table `matches`
--

CREATE TABLE IF NOT EXISTS `matches` (
  `id` int(11) NOT NULL AUTO_INCREMENT,
  `matchNumber` int(11) NOT NULL,
  `compID` int(11) NOT NULL,
  `lastUpdated` int(11) NOT NULL,
  `lastExported` int(11) NOT NULL,
  PRIMARY KEY (`id`),
  KEY `fk_compID` (`compID`)
) ENGINE=InnoDB  DEFAULT CHARSET=latin1 AUTO_INCREMENT=155 ;

--
-- Dumping data for table `matches`
--

INSERT INTO `matches` (`id`, `matchNumber`, `compID`, `lastUpdated`, `lastExported`) VALUES
(1, 1, 1, 1458309648, 0),
(2, 2, 1, 1458310336, 0),
(3, 3, 1, 1458311010, 0),
(4, 4, 1, 1458311493, 0),
(5, 5, 1, 1458312095, 0),
(6, 6, 1, 1458312557, 0),
(7, 7, 1, 1458313579, 0),
(8, 8, 1, 1458313807, 0),
(9, 9, 1, 1458314270, 0),
(10, 10, 1, 1458314698, 0),
(11, 11, 1, 1458315596, 0),
(12, 12, 1, 1458316297, 0),
(13, 13, 1, 1458316790, 0),
(14, 14, 1, 1458317190, 0),
(15, 15, 1, 1458317725, 0),
(16, 16, 1, 1458318131, 0),
(17, 17, 1, 1458318583, 0),
(18, 18, 1, 1458319359, 0),
(19, 19, 1, 1458319990, 0),
(20, 20, 1, 1458320420, 0),
(21, 21, 1, 1458320760, 0),
(22, 22, 1, 1458324198, 0),
(23, 23, 1, 1458324977, 0),
(24, 24, 1, 1458325389, 0),
(25, 25, 1, 1458325843, 0),
(26, 26, 1, 1458326314, 0),
(27, 27, 1, 1458326911, 0),
(28, 28, 1, 1458327411, 0),
(29, 29, 1, 1458327877, 0),
(30, 30, 1, 1458328282, 0),
(31, 31, 1, 1458328809, 0),
(32, 32, 1, 1458329248, 0),
(33, 33, 1, 1458329828, 0),
(34, 34, 1, 1458330435, 0),
(35, 35, 1, 1458330954, 0),
(36, 36, 1, 1458331399, 0),
(37, 37, 1, 1458331883, 0),
(38, 38, 1, 1458332404, 0),
(39, 39, 1, 1458332904, 0),
(40, 40, 1, 1458333410, 0),
(41, 41, 1, 1458333873, 0),
(42, 42, 1, 1458334365, 0),
(43, 43, 1, 1458335395, 0),
(44, 44, 1, 1458335719, 0),
(45, 45, 1, 1458336384, 0),
(46, 46, 1, 1458336795, 0),
(47, 47, 1, 1458337400, 0),
(48, 48, 1, 1458337839, 0),
(49, 49, 1, 1458338284, 0),
(50, 50, 1, 1458338744, 0),
(51, 51, 1, 1458396018, 0),
(52, 52, 1, 1458396370, 0),
(53, 53, 1, 1458396961, 0),
(54, 54, 1, 1458397474, 0),
(55, 55, 1, 1458397964, 0),
(56, 56, 1, 1458398649, 0),
(57, 57, 1, 1458399706, 0),
(58, 58, 1, 1458400033, 0),
(59, 59, 1, 1458400495, 0),
(60, 60, 1, 1458401130, 0),
(61, 61, 1, 1458414205, 0),
(62, 62, 1, 0, 0),
(63, 63, 1, 0, 0),
(64, 64, 1, 0, 0),
(65, 65, 1, 0, 0),
(66, 66, 1, 0, 0),
(67, 67, 1, 0, 0),
(68, 1, 2, 1459520068, 0),
(69, 2, 2, 1459520714, 0),
(70, 3, 2, 1459521325, 0),
(71, 4, 2, 1459521898, 0),
(72, 5, 2, 1459522468, 0),
(73, 6, 2, 1459522821, 0),
(74, 7, 2, 1459523404, 0),
(75, 8, 2, 1459523866, 0),
(76, 9, 2, 1459524209, 0),
(77, 10, 2, 1459524756, 0),
(78, 11, 2, 1459525282, 0),
(79, 12, 2, 1459525621, 0),
(80, 13, 2, 1459526026, 0),
(81, 14, 2, 1459526558, 0),
(82, 15, 2, 1459527007, 0),
(83, 16, 2, 1459527462, 0),
(84, 17, 2, 1459527908, 0),
(85, 18, 2, 1459528384, 0),
(86, 19, 2, 1459528942, 0),
(87, 20, 2, 1459529207, 0),
(88, 21, 2, 1459529747, 0),
(89, 22, 2, 1459530153, 0),
(90, 23, 2, 1459533829, 0),
(91, 24, 2, 1459534426, 0),
(92, 25, 2, 1459534881, 0),
(93, 26, 2, 1459535463, 0),
(94, 27, 2, 1459535776, 0),
(95, 28, 2, 1459536164, 0),
(96, 29, 2, 1459536531, 0),
(97, 30, 2, 1459537035, 0),
(98, 31, 2, 1459537441, 0),
(99, 32, 2, 1459537937, 0),
(100, 33, 2, 1459538289, 0),
(101, 34, 2, 1459539083, 0),
(102, 35, 2, 1459539389, 0),
(103, 36, 2, 1459539796, 0),
(104, 37, 2, 1459540202, 0),
(105, 38, 2, 1459540698, 0),
(106, 39, 2, 1459541311, 0),
(107, 40, 2, 1459541580, 0),
(108, 41, 2, 1459542102, 0),
(109, 42, 2, 1459542500, 0),
(110, 43, 2, 1459543014, 0),
(111, 44, 2, 1459543390, 0),
(112, 45, 2, 1459543744, 0),
(113, 46, 2, 1459544160, 0),
(114, 47, 2, 1459544593, 0),
(115, 48, 2, 1459544969, 0),
(116, 49, 2, 1459545422, 0),
(117, 50, 2, 1459545912, 0),
(118, 51, 2, 1459546272, 0),
(119, 52, 2, 1459546667, 0),
(120, 53, 2, 1459547154, 0),
(121, 54, 2, 1459547659, 0),
(122, 55, 2, 1459548029, 0),
(123, 56, 2, 1459548507, 0),
(124, 57, 2, 1459548794, 0),
(125, 58, 2, 1459549302, 0),
(126, 59, 2, 1459549663, 0),
(127, 60, 2, 1459550032, 0),
(128, 61, 2, 1459605791, 0),
(129, 62, 2, 1459606393, 0),
(130, 63, 2, 1459606848, 0),
(131, 64, 2, 1459607235, 0),
(132, 65, 2, 1459607623, 0),
(133, 66, 2, 1459607995, 0),
(134, 67, 2, 1459608433, 0),
(135, 68, 2, 1459608595, 0),
(136, 69, 2, 1459609510, 0),
(137, 70, 2, 1459609744, 0),
(138, 71, 2, 1459610114, 0),
(139, 72, 2, 1459610704, 0),
(140, 73, 2, 1459611045, 0),
(141, 74, 2, 1459611496, 0),
(142, 75, 2, 1459611931, 0),
(143, 76, 2, 1459612312, 0),
(144, 77, 2, 1459612717, 0),
(145, 78, 2, 0, 0),
(146, 79, 2, 0, 0),
(147, 80, 2, 0, 0),
(148, 81, 2, 0, 0),
(149, 82, 2, 0, 0),
(150, 83, 2, 0, 0),
(151, 84, 2, 0, 0),
(152, 85, 2, 0, 0),
(153, 86, 2, 0, 0),
(154, 87, 2, 0, 0);

-- --------------------------------------------------------

--
-- Table structure for table `matchfeeds`
--

CREATE TABLE IF NOT EXISTS `matchfeeds` (
  `id` int(11) NOT NULL AUTO_INCREMENT,
  `teamMatchID` int(11) NOT NULL,
  `orderID` int(11) NOT NULL,
  `mode` enum('tele','auto') NOT NULL,
  `zoneID` int(11) NOT NULL,
  PRIMARY KEY (`id`),
  KEY `teamMatchID` (`teamMatchID`),
  KEY `zoneID` (`zoneID`)
) ENGINE=InnoDB DEFAULT CHARSET=latin1 AUTO_INCREMENT=1 ;

-- --------------------------------------------------------

--
-- Table structure for table `matchshoots`
--

CREATE TABLE IF NOT EXISTS `matchshoots` (
  `id` int(11) NOT NULL AUTO_INCREMENT,
  `teamMatchID` int(11) NOT NULL,
  `orderID` int(11) NOT NULL,
  `mode` enum('tele','auto') NOT NULL,
  `coordX` decimal(7,3) NOT NULL,
  `coordY` decimal(7,3) NOT NULL,
  `highLow` tinyint(1) NOT NULL,
  `scoreMiss` tinyint(1) NOT NULL,
  PRIMARY KEY (`id`),
  KEY `teamMatchID` (`teamMatchID`)
) ENGINE=InnoDB DEFAULT CHARSET=latin1 AUTO_INCREMENT=1 ;

-- --------------------------------------------------------

--
-- Table structure for table `scouters`
--

CREATE TABLE IF NOT EXISTS `scouters` (
  `scouterName` varchar(15) NOT NULL
) ENGINE=InnoDB DEFAULT CHARSET=latin1;

--
-- Dumping data for table `scouters`
--

INSERT INTO `scouters` (`scouterName`) VALUES
('Tori A.'),
('William A.'),
('Neha A.'),
('Tiye B.'),
('Albert C.'),
('Evan C.'),
('Aisha D.'),
('Kate F.'),
('Isaac F.'),
('Alexandre G.'),
('Kyle G.'),
('Martin G.'),
('Anisha G.'),
('Sarah H.'),
('Kashyap J.'),
('Gus K.'),
('Sadie K.'),
('Isandro M.'),
('Joaquin M.'),
('Sarah M.'),
('Roman M.'),
('Omeed M.'),
('Rahi M.'),
('Ishan M.'),
('Kavi N.'),
('Anna O.'),
('Jan O.'),
('Caleb P.'),
('Thomas P.'),
('Nolan P.'),
('Chloe P.'),
('Rima R.'),
('Lyle R.'),
('Nishant S.'),
('Alex S.'),
('Luie S.'),
('Mikhail S.'),
('Elizabeth S.'),
('Jay S.'),
('Robert S.'),
('Maggie T.'),
('Neil T.'),
('Ha T.'),
('Jazmin T.'),
('Maia V.'),
('Philip W.'),
('Justin W.'),
('Jack Z.');

-- --------------------------------------------------------

--
-- Table structure for table `teammatches`
--

CREATE TABLE IF NOT EXISTS `teammatches` (
  `id` int(11) NOT NULL AUTO_INCREMENT,
  `matchID` int(11) NOT NULL,
  `side` enum('blue','red') NOT NULL,
  `position` int(11) NOT NULL,
  `teamNumber` int(11) NOT NULL,
  `deviceID` varchar(10) NOT NULL,
  `collectionStarted` tinyint(1) NOT NULL,
  `collectionEnded` tinyint(1) NOT NULL,
  `scouterName` varchar(15) NOT NULL,
  PRIMARY KEY (`id`),
  UNIQUE KEY `unique_slots` (`matchID`,`side`,`position`),
  KEY `teamNumber` (`teamNumber`)
) ENGINE=InnoDB  DEFAULT CHARSET=latin1 AUTO_INCREMENT=925 ;

--
-- Dumping data for table `teammatches`
--

INSERT INTO `teammatches` (`id`, `matchID`, `side`, `position`, `teamNumber`, `deviceID`, `collectionStarted`, `collectionEnded`, `scouterName`) VALUES
(1, 1, 'red', 1, 4213, '', 0, 0, ''),
(2, 1, 'red', 2, 2022, '', 0, 0, ''),
(3, 1, 'red', 3, 2081, '', 0, 0, ''),
(4, 1, 'blue', 1, 4143, '', 0, 0, ''),
(5, 1, 'blue', 2, 93, '', 0, 0, ''),
(6, 1, 'blue', 3, 4655, '', 0, 0, ''),
(7, 2, 'red', 1, 5442, '', 0, 0, ''),
(8, 2, 'red', 2, 876, '', 0, 0, ''),
(9, 2, 'red', 3, 3352, '', 0, 0, ''),
(10, 2, 'blue', 1, 81, '', 0, 0, ''),
(11, 2, 'blue', 2, 4296, '', 0, 0, ''),
(12, 2, 'blue', 3, 2358, '', 0, 0, ''),
(13, 3, 'red', 1, 111, '', 0, 0, ''),
(14, 3, 'red', 2, 1732, '', 0, 0, ''),
(15, 3, 'red', 3, 2704, '', 0, 0, ''),
(16, 3, 'blue', 1, 5847, '', 0, 0, ''),
(17, 3, 'blue', 2, 2220, '', 0, 0, ''),
(18, 3, 'blue', 3, 4212, '', 0, 0, ''),
(19, 4, 'red', 1, 3528, '', 0, 0, ''),
(20, 4, 'red', 2, 4646, '', 0, 0, ''),
(21, 4, 'red', 3, 1736, '', 0, 0, ''),
(22, 4, 'blue', 1, 4314, '', 0, 0, ''),
(23, 4, 'blue', 2, 1094, '', 0, 0, ''),
(24, 4, 'blue', 3, 2040, '', 0, 0, ''),
(25, 5, 'red', 1, 2481, '', 0, 0, ''),
(26, 5, 'red', 2, 2709, '', 0, 0, ''),
(27, 5, 'red', 3, 2169, '', 0, 0, ''),
(28, 5, 'blue', 1, 2039, '', 0, 0, ''),
(29, 5, 'blue', 2, 4645, '', 0, 0, ''),
(30, 5, 'blue', 3, 4787, '', 0, 0, ''),
(31, 6, 'red', 1, 1038, '', 0, 0, ''),
(32, 6, 'red', 2, 1756, '', 0, 0, ''),
(33, 6, 'red', 3, 5822, '', 0, 0, ''),
(34, 6, 'blue', 1, 5541, '', 0, 0, ''),
(35, 6, 'blue', 2, 1091, '', 0, 0, ''),
(36, 6, 'blue', 3, 1781, '', 0, 0, ''),
(37, 7, 'red', 1, 4021, '', 0, 0, ''),
(38, 7, 'red', 2, 1625, '', 0, 0, ''),
(39, 7, 'red', 3, 2220, '', 0, 0, ''),
(40, 7, 'blue', 1, 4156, '', 0, 0, ''),
(41, 7, 'blue', 2, 4096, '', 0, 0, ''),
(42, 7, 'blue', 3, 4143, '', 0, 0, ''),
(43, 8, 'red', 1, 93, '', 0, 0, ''),
(44, 8, 'red', 2, 3352, '', 0, 0, ''),
(45, 8, 'red', 3, 2169, '', 0, 0, ''),
(46, 8, 'blue', 1, 111, '', 0, 0, ''),
(47, 8, 'blue', 2, 2709, '', 0, 0, ''),
(48, 8, 'blue', 3, 876, '', 0, 0, ''),
(49, 9, 'red', 1, 4314, '', 0, 0, ''),
(50, 9, 'red', 2, 3528, '', 0, 0, ''),
(51, 9, 'red', 3, 1038, '', 0, 0, ''),
(52, 9, 'blue', 1, 4655, '', 0, 0, ''),
(53, 9, 'blue', 2, 2081, '', 0, 0, ''),
(54, 9, 'blue', 3, 4296, '', 0, 0, ''),
(55, 10, 'red', 1, 4645, '', 0, 0, ''),
(56, 10, 'red', 2, 4156, '', 0, 0, ''),
(57, 10, 'red', 3, 1756, '', 0, 0, ''),
(58, 10, 'blue', 1, 81, '', 0, 0, ''),
(59, 10, 'blue', 2, 1732, '', 0, 0, ''),
(60, 10, 'blue', 3, 5822, '', 0, 0, ''),
(61, 11, 'red', 1, 2481, '', 0, 0, ''),
(62, 11, 'red', 2, 2358, '', 0, 0, ''),
(63, 11, 'red', 3, 4096, '', 0, 0, ''),
(64, 11, 'blue', 1, 1094, '', 0, 0, ''),
(65, 11, 'blue', 2, 5847, '', 0, 0, ''),
(66, 11, 'blue', 3, 2704, '', 0, 0, ''),
(67, 12, 'red', 1, 1625, '', 0, 0, ''),
(68, 12, 'red', 2, 1091, '', 0, 0, ''),
(69, 12, 'red', 3, 4787, '', 0, 0, ''),
(70, 12, 'blue', 1, 1736, '', 0, 0, ''),
(71, 12, 'blue', 2, 4212, '', 0, 0, ''),
(72, 12, 'blue', 3, 5541, '', 0, 0, ''),
(73, 13, 'red', 1, 2040, '', 0, 0, ''),
(74, 13, 'red', 2, 5442, '', 0, 0, ''),
(75, 13, 'red', 3, 4021, '', 0, 0, ''),
(76, 13, 'blue', 1, 2039, '', 0, 0, ''),
(77, 13, 'blue', 2, 1781, '', 0, 0, ''),
(78, 13, 'blue', 3, 2022, '', 0, 0, ''),
(79, 14, 'red', 1, 4646, '', 0, 0, ''),
(80, 14, 'red', 2, 2481, '', 0, 0, ''),
(81, 14, 'red', 3, 4156, '', 0, 0, ''),
(82, 14, 'blue', 1, 4213, '', 0, 0, ''),
(83, 14, 'blue', 2, 4655, '', 0, 0, ''),
(84, 14, 'blue', 3, 2169, '', 0, 0, ''),
(85, 15, 'red', 1, 4212, '', 0, 0, ''),
(86, 15, 'red', 2, 3352, '', 0, 0, ''),
(87, 15, 'red', 3, 4314, '', 0, 0, ''),
(88, 15, 'blue', 1, 5847, '', 0, 0, ''),
(89, 15, 'blue', 2, 1625, '', 0, 0, ''),
(90, 15, 'blue', 3, 1756, '', 0, 0, ''),
(91, 16, 'red', 1, 1094, '', 0, 0, ''),
(92, 16, 'red', 2, 5822, '', 0, 0, ''),
(93, 16, 'red', 3, 2709, '', 0, 0, ''),
(94, 16, 'blue', 1, 1038, '', 0, 0, ''),
(95, 16, 'blue', 2, 4143, '', 0, 0, ''),
(96, 16, 'blue', 3, 111, '', 0, 0, ''),
(97, 17, 'red', 1, 2039, '', 0, 0, ''),
(98, 17, 'red', 2, 2040, '', 0, 0, ''),
(99, 17, 'red', 3, 2220, '', 0, 0, ''),
(100, 17, 'blue', 1, 2358, '', 0, 0, ''),
(101, 17, 'blue', 2, 5541, '', 0, 0, ''),
(102, 17, 'blue', 3, 2081, '', 0, 0, ''),
(103, 18, 'red', 1, 876, '', 0, 0, ''),
(104, 18, 'red', 2, 4213, '', 0, 0, ''),
(105, 18, 'red', 3, 1732, '', 0, 0, ''),
(106, 18, 'blue', 1, 3528, '', 0, 0, ''),
(107, 18, 'blue', 2, 4787, '', 0, 0, ''),
(108, 18, 'blue', 3, 1781, '', 0, 0, ''),
(109, 19, 'red', 1, 1091, '', 0, 0, ''),
(110, 19, 'red', 2, 1736, '', 0, 0, ''),
(111, 19, 'red', 3, 4096, '', 0, 0, ''),
(112, 19, 'blue', 1, 81, '', 0, 0, ''),
(113, 19, 'blue', 2, 5442, '', 0, 0, ''),
(114, 19, 'blue', 3, 4646, '', 0, 0, ''),
(115, 20, 'red', 1, 2022, '', 0, 0, ''),
(116, 20, 'red', 2, 4021, '', 0, 0, ''),
(117, 20, 'red', 3, 93, '', 0, 0, ''),
(118, 20, 'blue', 1, 4645, '', 0, 0, ''),
(119, 20, 'blue', 2, 2704, '', 0, 0, ''),
(120, 20, 'blue', 3, 4296, '', 0, 0, ''),
(121, 21, 'red', 1, 5847, '', 0, 0, ''),
(122, 21, 'red', 2, 2081, '', 0, 0, ''),
(123, 21, 'red', 3, 2040, '', 0, 0, ''),
(124, 21, 'blue', 1, 1756, '', 0, 0, ''),
(125, 21, 'blue', 2, 876, '', 0, 0, ''),
(126, 21, 'blue', 3, 2220, '', 0, 0, ''),
(127, 22, 'red', 1, 1736, '', 0, 0, ''),
(128, 22, 'red', 2, 4143, '', 0, 0, ''),
(129, 22, 'red', 3, 2481, '', 0, 0, ''),
(130, 22, 'blue', 1, 5442, '', 0, 0, ''),
(131, 22, 'blue', 2, 4212, '', 0, 0, ''),
(132, 22, 'blue', 3, 1732, '', 0, 0, ''),
(133, 23, 'red', 1, 1038, '', 0, 0, ''),
(134, 23, 'red', 2, 2704, '', 0, 0, ''),
(135, 23, 'red', 3, 1091, '', 0, 0, ''),
(136, 23, 'blue', 1, 4787, '', 0, 0, ''),
(137, 23, 'blue', 2, 2022, '', 0, 0, ''),
(138, 23, 'blue', 3, 111, '', 0, 0, ''),
(139, 24, 'red', 1, 4156, '', 0, 0, ''),
(140, 24, 'red', 2, 2039, '', 0, 0, ''),
(141, 24, 'red', 3, 5822, '', 0, 0, ''),
(142, 24, 'blue', 1, 4646, '', 0, 0, ''),
(143, 24, 'blue', 2, 93, '', 0, 0, ''),
(144, 24, 'blue', 3, 4314, '', 0, 0, ''),
(145, 25, 'red', 1, 3528, '', 0, 0, ''),
(146, 25, 'red', 2, 4645, '', 0, 0, ''),
(147, 25, 'red', 3, 4096, '', 0, 0, ''),
(148, 25, 'blue', 1, 2358, '', 0, 0, ''),
(149, 25, 'blue', 2, 3352, '', 0, 0, ''),
(150, 25, 'blue', 3, 2709, '', 0, 0, ''),
(151, 26, 'red', 1, 81, '', 0, 0, ''),
(152, 26, 'red', 2, 1094, '', 0, 0, ''),
(153, 26, 'red', 3, 4655, '', 0, 0, ''),
(154, 26, 'blue', 1, 4296, '', 0, 0, ''),
(155, 26, 'blue', 2, 1625, '', 0, 0, ''),
(156, 26, 'blue', 3, 2169, '', 0, 0, ''),
(157, 27, 'red', 1, 4021, '', 0, 0, ''),
(158, 27, 'red', 2, 1781, '', 0, 0, ''),
(159, 27, 'red', 3, 4646, '', 0, 0, ''),
(160, 27, 'blue', 1, 5541, '', 0, 0, ''),
(161, 27, 'blue', 2, 4213, '', 0, 0, ''),
(162, 27, 'blue', 3, 2220, '', 0, 0, ''),
(163, 28, 'red', 1, 4645, '', 0, 0, ''),
(164, 28, 'red', 2, 4314, '', 0, 0, ''),
(165, 28, 'red', 3, 4143, '', 0, 0, ''),
(166, 28, 'blue', 1, 4212, '', 0, 0, ''),
(167, 28, 'blue', 2, 876, '', 0, 0, ''),
(168, 28, 'blue', 3, 2040, '', 0, 0, ''),
(169, 29, 'red', 1, 2709, '', 0, 0, ''),
(170, 29, 'red', 2, 2039, '', 0, 0, ''),
(171, 29, 'red', 3, 4296, '', 0, 0, ''),
(172, 29, 'blue', 1, 1094, '', 0, 0, ''),
(173, 29, 'blue', 2, 1732, '', 0, 0, ''),
(174, 29, 'blue', 3, 1091, '', 0, 0, ''),
(175, 30, 'red', 1, 111, '', 0, 0, ''),
(176, 30, 'red', 2, 2358, '', 0, 0, ''),
(177, 30, 'red', 3, 4213, '', 0, 0, ''),
(178, 30, 'blue', 1, 4021, '', 0, 0, ''),
(179, 30, 'blue', 2, 1736, '', 0, 0, ''),
(180, 30, 'blue', 3, 1756, '', 0, 0, ''),
(181, 31, 'red', 1, 1625, '', 0, 0, ''),
(182, 31, 'red', 2, 5822, '', 0, 0, ''),
(183, 31, 'red', 3, 2081, '', 0, 0, ''),
(184, 31, 'blue', 1, 2169, '', 0, 0, ''),
(185, 31, 'blue', 2, 5442, '', 0, 0, ''),
(186, 31, 'blue', 3, 2022, '', 0, 0, ''),
(187, 32, 'red', 1, 4655, '', 0, 0, ''),
(188, 32, 'red', 2, 5847, '', 0, 0, ''),
(189, 32, 'red', 3, 3528, '', 0, 0, ''),
(190, 32, 'blue', 1, 4096, '', 0, 0, ''),
(191, 32, 'blue', 2, 5541, '', 0, 0, ''),
(192, 32, 'blue', 3, 4787, '', 0, 0, ''),
(193, 33, 'red', 1, 4156, '', 0, 0, ''),
(194, 33, 'red', 2, 93, '', 0, 0, ''),
(195, 33, 'red', 3, 2704, '', 0, 0, ''),
(196, 33, 'blue', 1, 1038, '', 0, 0, ''),
(197, 33, 'blue', 2, 1781, '', 0, 0, ''),
(198, 33, 'blue', 3, 81, '', 0, 0, ''),
(199, 34, 'red', 1, 2481, '', 0, 0, ''),
(200, 34, 'red', 2, 1094, '', 0, 0, ''),
(201, 34, 'red', 3, 2220, '', 0, 0, ''),
(202, 34, 'blue', 1, 3352, '', 0, 0, ''),
(203, 34, 'blue', 2, 1091, '', 0, 0, ''),
(204, 34, 'blue', 3, 5822, '', 0, 0, ''),
(205, 35, 'red', 1, 4296, '', 0, 0, ''),
(206, 35, 'red', 2, 4213, '', 0, 0, ''),
(207, 35, 'red', 3, 3528, '', 0, 0, ''),
(208, 35, 'blue', 1, 111, '', 0, 0, ''),
(209, 35, 'blue', 2, 1625, '', 0, 0, ''),
(210, 35, 'blue', 3, 2039, '', 0, 0, ''),
(211, 36, 'red', 1, 4645, '', 0, 0, ''),
(212, 36, 'red', 2, 5541, '', 0, 0, ''),
(213, 36, 'red', 3, 2169, '', 0, 0, ''),
(214, 36, 'blue', 1, 2704, '', 0, 0, ''),
(215, 36, 'blue', 2, 4212, '', 0, 0, ''),
(216, 36, 'blue', 3, 2081, '', 0, 0, ''),
(217, 37, 'red', 1, 1781, '', 0, 0, ''),
(218, 37, 'red', 2, 876, '', 0, 0, ''),
(219, 37, 'red', 3, 4096, '', 0, 0, ''),
(220, 37, 'blue', 1, 1756, '', 0, 0, ''),
(221, 37, 'blue', 2, 2022, '', 0, 0, ''),
(222, 37, 'blue', 3, 2481, '', 0, 0, ''),
(223, 38, 'red', 1, 4787, '', 0, 0, ''),
(224, 38, 'red', 2, 81, '', 0, 0, ''),
(225, 38, 'red', 3, 93, '', 0, 0, ''),
(226, 38, 'blue', 1, 4143, '', 0, 0, ''),
(227, 38, 'blue', 2, 4646, '', 0, 0, ''),
(228, 38, 'blue', 3, 2358, '', 0, 0, ''),
(229, 39, 'red', 1, 5442, '', 0, 0, ''),
(230, 39, 'red', 2, 1736, '', 0, 0, ''),
(231, 39, 'red', 3, 5847, '', 0, 0, ''),
(232, 39, 'blue', 1, 4156, '', 0, 0, ''),
(233, 39, 'blue', 2, 2709, '', 0, 0, ''),
(234, 39, 'blue', 3, 4314, '', 0, 0, ''),
(235, 40, 'red', 1, 2040, '', 0, 0, ''),
(236, 40, 'red', 2, 4655, '', 0, 0, ''),
(237, 40, 'red', 3, 3352, '', 0, 0, ''),
(238, 40, 'blue', 1, 1038, '', 0, 0, ''),
(239, 40, 'blue', 2, 1732, '', 0, 0, ''),
(240, 40, 'blue', 3, 4021, '', 0, 0, ''),
(241, 41, 'red', 1, 111, '', 0, 0, ''),
(242, 41, 'red', 2, 1091, '', 0, 0, ''),
(243, 41, 'red', 3, 4646, '', 0, 0, ''),
(244, 41, 'blue', 1, 876, '', 0, 0, ''),
(245, 41, 'blue', 2, 2081, '', 0, 0, ''),
(246, 41, 'blue', 3, 2481, '', 0, 0, ''),
(247, 42, 'red', 1, 4212, '', 0, 0, ''),
(248, 42, 'red', 2, 81, '', 0, 0, ''),
(249, 42, 'red', 3, 4156, '', 0, 0, ''),
(250, 42, 'blue', 1, 2022, '', 0, 0, ''),
(251, 42, 'blue', 2, 1094, '', 0, 0, ''),
(252, 42, 'blue', 3, 2358, '', 0, 0, ''),
(253, 43, 'red', 1, 4655, '', 0, 0, ''),
(254, 43, 'red', 2, 4787, '', 0, 0, ''),
(255, 43, 'red', 3, 2709, '', 0, 0, ''),
(256, 43, 'blue', 1, 2040, '', 0, 0, ''),
(257, 43, 'blue', 2, 5822, '', 0, 0, ''),
(258, 43, 'blue', 3, 2704, '', 0, 0, ''),
(259, 44, 'red', 1, 4296, '', 0, 0, ''),
(260, 44, 'red', 2, 4143, '', 0, 0, ''),
(261, 44, 'red', 3, 5847, '', 0, 0, ''),
(262, 44, 'blue', 1, 1736, '', 0, 0, ''),
(263, 44, 'blue', 2, 3352, '', 0, 0, ''),
(264, 44, 'blue', 3, 1781, '', 0, 0, ''),
(265, 45, 'red', 1, 4213, '', 0, 0, ''),
(266, 45, 'red', 2, 2039, '', 0, 0, ''),
(267, 45, 'red', 3, 1756, '', 0, 0, ''),
(268, 45, 'blue', 1, 4645, '', 0, 0, ''),
(269, 45, 'blue', 2, 1038, '', 0, 0, ''),
(270, 45, 'blue', 3, 5442, '', 0, 0, ''),
(271, 46, 'red', 1, 1732, '', 0, 0, ''),
(272, 46, 'red', 2, 4314, '', 0, 0, ''),
(273, 46, 'red', 3, 5541, '', 0, 0, ''),
(274, 46, 'blue', 1, 4096, '', 0, 0, ''),
(275, 46, 'blue', 2, 4021, '', 0, 0, ''),
(276, 46, 'blue', 3, 2169, '', 0, 0, ''),
(277, 47, 'red', 1, 93, '', 0, 0, ''),
(278, 47, 'red', 2, 2220, '', 0, 0, ''),
(279, 47, 'red', 3, 1781, '', 0, 0, ''),
(280, 47, 'blue', 1, 1625, '', 0, 0, ''),
(281, 47, 'blue', 2, 3528, '', 0, 0, ''),
(282, 47, 'blue', 3, 2709, '', 0, 0, ''),
(283, 48, 'red', 1, 2040, '', 0, 0, ''),
(284, 48, 'red', 2, 4296, '', 0, 0, ''),
(285, 48, 'red', 3, 4156, '', 0, 0, ''),
(286, 48, 'blue', 1, 4213, '', 0, 0, ''),
(287, 48, 'blue', 2, 3352, '', 0, 0, ''),
(288, 48, 'blue', 3, 2481, '', 0, 0, ''),
(289, 49, 'red', 1, 81, '', 0, 0, ''),
(290, 49, 'red', 2, 2081, '', 0, 0, ''),
(291, 49, 'red', 3, 4021, '', 0, 0, ''),
(292, 49, 'blue', 1, 4787, '', 0, 0, ''),
(293, 49, 'blue', 2, 5847, '', 0, 0, ''),
(294, 49, 'blue', 3, 5822, '', 0, 0, ''),
(295, 50, 'red', 1, 2220, '', 0, 0, ''),
(296, 50, 'red', 2, 1038, '', 0, 0, ''),
(297, 50, 'red', 3, 2022, '', 0, 0, ''),
(298, 50, 'blue', 1, 1736, '', 0, 0, ''),
(299, 50, 'blue', 2, 4314, '', 0, 0, ''),
(300, 50, 'blue', 3, 2169, '', 0, 0, ''),
(301, 51, 'red', 1, 4212, '', 0, 0, ''),
(302, 51, 'red', 2, 1756, '', 0, 0, ''),
(303, 51, 'red', 3, 4655, '', 0, 0, ''),
(304, 51, 'blue', 1, 93, '', 0, 0, ''),
(305, 51, 'blue', 2, 2039, '', 0, 0, ''),
(306, 51, 'blue', 3, 3528, '', 0, 0, ''),
(307, 52, 'red', 1, 2358, '', 0, 0, ''),
(308, 52, 'red', 2, 876, '', 0, 0, ''),
(309, 52, 'red', 3, 2704, '', 0, 0, ''),
(310, 52, 'blue', 1, 1732, '', 0, 0, ''),
(311, 52, 'blue', 2, 4646, '', 0, 0, ''),
(312, 52, 'blue', 3, 1625, '', 0, 0, ''),
(313, 53, 'red', 1, 4143, '', 0, 0, ''),
(314, 53, 'red', 2, 5442, '', 0, 0, ''),
(315, 53, 'red', 3, 5541, '', 0, 0, ''),
(316, 53, 'blue', 1, 1094, '', 0, 0, ''),
(317, 53, 'blue', 2, 4645, '', 0, 0, ''),
(318, 53, 'blue', 3, 111, '', 0, 0, ''),
(319, 54, 'red', 1, 4096, '', 0, 0, ''),
(320, 54, 'red', 2, 5847, '', 0, 0, ''),
(321, 54, 'red', 3, 3352, '', 0, 0, ''),
(322, 54, 'blue', 1, 1091, '', 0, 0, ''),
(323, 54, 'blue', 2, 93, '', 0, 0, ''),
(324, 54, 'blue', 3, 2040, '', 0, 0, ''),
(325, 55, 'red', 1, 1736, '', 0, 0, ''),
(326, 55, 'red', 2, 4787, '', 0, 0, ''),
(327, 55, 'red', 3, 2081, '', 0, 0, ''),
(328, 55, 'blue', 1, 2481, '', 0, 0, ''),
(329, 55, 'blue', 2, 1625, '', 0, 0, ''),
(330, 55, 'blue', 3, 1781, '', 0, 0, ''),
(331, 56, 'red', 1, 2220, '', 0, 0, ''),
(332, 56, 'red', 2, 5442, '', 0, 0, ''),
(333, 56, 'red', 3, 111, '', 0, 0, ''),
(334, 56, 'blue', 1, 1732, '', 0, 0, ''),
(335, 56, 'blue', 2, 4645, '', 0, 0, ''),
(336, 56, 'blue', 3, 4655, '', 0, 0, ''),
(337, 57, 'red', 1, 4212, '', 0, 0, ''),
(338, 57, 'red', 2, 2358, '', 0, 0, ''),
(339, 57, 'red', 3, 1038, '', 0, 0, ''),
(340, 57, 'blue', 1, 4296, '', 0, 0, ''),
(341, 57, 'blue', 2, 4096, '', 0, 0, ''),
(342, 57, 'blue', 3, 5822, '', 0, 0, ''),
(343, 58, 'red', 1, 81, '', 0, 0, ''),
(344, 58, 'red', 2, 1091, '', 0, 0, ''),
(345, 58, 'red', 3, 2709, '', 0, 0, ''),
(346, 58, 'blue', 1, 4314, '', 0, 0, ''),
(347, 58, 'blue', 2, 4021, '', 0, 0, ''),
(348, 58, 'blue', 3, 4213, '', 0, 0, ''),
(349, 59, 'red', 1, 1094, '', 0, 0, ''),
(350, 59, 'red', 2, 2039, '', 0, 0, ''),
(351, 59, 'red', 3, 5541, '', 0, 0, ''),
(352, 59, 'blue', 1, 4156, '', 0, 0, ''),
(353, 59, 'blue', 2, 2022, '', 0, 0, ''),
(354, 59, 'blue', 3, 876, '', 0, 0, ''),
(355, 60, 'red', 1, 4646, '', 0, 0, ''),
(356, 60, 'red', 2, 2704, '', 0, 0, ''),
(357, 60, 'red', 3, 2169, '', 0, 0, ''),
(358, 60, 'blue', 1, 4143, '', 0, 0, ''),
(359, 60, 'blue', 2, 3528, '', 0, 0, ''),
(360, 60, 'blue', 3, 1756, '', 0, 0, ''),
(361, 61, 'red', 1, 4212, '', 0, 0, ''),
(362, 61, 'red', 2, 5822, '', 0, 0, ''),
(363, 61, 'red', 3, 111, '', 0, 0, ''),
(364, 61, 'blue', 1, 2040, '', 0, 0, ''),
(365, 61, 'blue', 2, 4096, '', 0, 0, ''),
(366, 61, 'blue', 3, 4213, '', 0, 0, ''),
(367, 62, 'red', 1, 876, '', 0, 0, ''),
(368, 62, 'red', 2, 4645, '', 0, 0, ''),
(369, 62, 'red', 3, 5847, '', 0, 0, ''),
(370, 62, 'blue', 1, 1736, '', 0, 0, ''),
(371, 62, 'blue', 2, 4655, '', 0, 0, ''),
(372, 62, 'blue', 3, 1038, '', 0, 0, ''),
(373, 63, 'red', 1, 1094, '', 0, 0, ''),
(374, 63, 'red', 2, 4296, '', 0, 0, ''),
(375, 63, 'red', 3, 1756, '', 0, 0, ''),
(376, 63, 'blue', 1, 2220, '', 0, 0, ''),
(377, 63, 'blue', 2, 4787, '', 0, 0, ''),
(378, 63, 'blue', 3, 4156, '', 0, 0, ''),
(379, 64, 'red', 1, 4021, '', 0, 0, ''),
(380, 64, 'red', 2, 3528, '', 0, 0, ''),
(381, 64, 'red', 3, 5541, '', 0, 0, ''),
(382, 64, 'blue', 1, 5442, '', 0, 0, ''),
(383, 64, 'blue', 2, 93, '', 0, 0, ''),
(384, 64, 'blue', 3, 2481, '', 0, 0, ''),
(385, 65, 'red', 1, 4143, '', 0, 0, ''),
(386, 65, 'red', 2, 1781, '', 0, 0, ''),
(387, 65, 'red', 3, 2169, '', 0, 0, ''),
(388, 65, 'blue', 1, 1091, '', 0, 0, ''),
(389, 65, 'blue', 2, 4314, '', 0, 0, ''),
(390, 65, 'blue', 3, 2358, '', 0, 0, ''),
(391, 66, 'red', 1, 1732, '', 0, 0, ''),
(392, 66, 'red', 2, 2081, '', 0, 0, ''),
(393, 66, 'red', 3, 2039, '', 0, 0, ''),
(394, 66, 'blue', 1, 81, '', 0, 0, ''),
(395, 66, 'blue', 2, 2704, '', 0, 0, ''),
(396, 66, 'blue', 3, 3352, '', 0, 0, ''),
(397, 67, 'red', 1, 1625, '', 0, 0, ''),
(398, 67, 'red', 2, 2022, '', 0, 0, ''),
(399, 67, 'red', 3, 4212, '', 0, 0, ''),
(400, 67, 'blue', 1, 2709, '', 0, 0, ''),
(401, 67, 'blue', 2, 4646, '', 0, 0, ''),
(402, 67, 'blue', 3, 5847, '', 0, 0, ''),
(403, 68, 'red', 1, 1739, '', 0, 0, ''),
(404, 69, 'red', 1, 4191, '', 0, 0, ''),
(405, 70, 'red', 1, 3110, '', 0, 0, ''),
(406, 71, 'red', 1, 3390, '', 0, 0, ''),
(407, 72, 'red', 1, 291, '', 0, 0, ''),
(408, 73, 'red', 1, 111, '', 0, 0, ''),
(409, 74, 'red', 1, 4655, '', 0, 0, ''),
(410, 75, 'red', 1, 5847, '', 0, 0, ''),
(411, 76, 'red', 1, 4329, '', 0, 0, ''),
(412, 77, 'red', 1, 1756, '', 0, 0, ''),
(413, 78, 'red', 1, 2709, '', 0, 0, ''),
(414, 79, 'red', 1, 5350, '', 0, 0, ''),
(415, 80, 'red', 1, 2781, '', 0, 0, ''),
(416, 81, 'red', 1, 111, '', 0, 0, ''),
(417, 82, 'red', 1, 2151, '', 0, 0, ''),
(418, 83, 'red', 1, 4096, '', 0, 0, ''),
(419, 84, 'red', 1, 6237, '', 0, 0, ''),
(420, 85, 'red', 1, 2451, '', 0, 0, ''),
(421, 86, 'red', 1, 1739, '', 0, 0, ''),
(422, 87, 'red', 1, 2781, '', 0, 0, ''),
(423, 88, 'red', 1, 5125, '', 0, 0, ''),
(424, 89, 'red', 1, 111, '', 0, 0, ''),
(425, 90, 'red', 1, 3488, '', 0, 0, ''),
(426, 91, 'red', 1, 4979, '', 0, 0, ''),
(427, 92, 'red', 1, 2725, '', 0, 0, ''),
(428, 93, 'red', 1, 379, '', 0, 0, ''),
(429, 94, 'red', 1, 111, '', 0, 0, ''),
(430, 95, 'red', 1, 4329, '', 0, 0, ''),
(431, 96, 'red', 1, 931, '', 0, 0, ''),
(432, 97, 'red', 1, 1739, '', 0, 0, ''),
(433, 98, 'red', 1, 4191, '', 0, 0, ''),
(434, 99, 'red', 1, 4096, '', 0, 0, ''),
(435, 100, 'red', 1, 3067, '', 0, 0, ''),
(436, 101, 'red', 1, 5125, '', 0, 0, ''),
(437, 102, 'red', 1, 2136, '', 0, 0, ''),
(438, 103, 'red', 1, 4702, '', 0, 0, ''),
(439, 104, 'red', 1, 2338, '', 0, 0, ''),
(440, 105, 'red', 1, 4241, '', 0, 0, ''),
(441, 106, 'red', 1, 4191, '', 0, 0, ''),
(442, 107, 'red', 1, 2022, '', 0, 0, ''),
(443, 108, 'red', 1, 5125, '', 0, 0, ''),
(444, 109, 'red', 1, 2709, '', 0, 0, ''),
(445, 110, 'red', 1, 1781, '', 0, 0, ''),
(446, 111, 'red', 1, 1850, '', 0, 0, ''),
(447, 112, 'red', 1, 3110, '', 0, 0, ''),
(448, 113, 'red', 1, 379, '', 0, 0, ''),
(449, 114, 'red', 1, 1736, '', 0, 0, ''),
(450, 115, 'red', 1, 6237, '', 0, 0, ''),
(451, 116, 'red', 1, 4241, '', 0, 0, ''),
(452, 117, 'red', 1, 1739, '', 0, 0, ''),
(453, 118, 'red', 1, 4247, '', 0, 0, ''),
(454, 119, 'red', 1, 5934, '', 0, 0, ''),
(455, 120, 'red', 1, 3695, '', 0, 0, ''),
(456, 121, 'red', 1, 1756, '', 0, 0, ''),
(457, 122, 'red', 1, 2338, '', 0, 0, ''),
(458, 123, 'red', 1, 4676, '', 0, 0, ''),
(459, 124, 'red', 1, 2062, '', 0, 0, ''),
(460, 125, 'red', 1, 4241, '', 0, 0, ''),
(461, 126, 'red', 1, 1736, '', 0, 0, ''),
(462, 127, 'red', 1, 4296, '', 0, 0, ''),
(463, 128, 'red', 1, 101, '', 0, 0, ''),
(464, 129, 'red', 1, 5934, '', 0, 0, ''),
(465, 130, 'red', 1, 4096, '', 0, 0, ''),
(466, 131, 'red', 1, 1736, '', 0, 0, ''),
(467, 132, 'red', 1, 4292, '', 0, 0, ''),
(468, 133, 'red', 1, 1781, '', 0, 0, ''),
(469, 134, 'red', 1, 3695, '', 0, 0, ''),
(470, 135, 'red', 1, 1739, '', 0, 0, ''),
(471, 136, 'red', 1, 111, '', 0, 0, ''),
(472, 137, 'red', 1, 3135, '', 0, 0, ''),
(473, 138, 'red', 1, 171, '', 0, 0, ''),
(474, 139, 'red', 1, 101, '', 0, 0, ''),
(475, 140, 'red', 1, 4655, '', 0, 0, ''),
(476, 141, 'red', 1, 2781, '', 0, 0, ''),
(477, 142, 'red', 1, 4292, '', 0, 0, ''),
(478, 143, 'red', 1, 6237, '', 0, 0, ''),
(479, 144, 'red', 1, 4247, '', 0, 0, ''),
(480, 145, 'red', 1, 4676, '', 0, 0, ''),
(481, 146, 'red', 1, 3390, '', 0, 0, ''),
(482, 147, 'red', 1, 2725, '', 0, 0, ''),
(483, 148, 'red', 1, 4787, '', 0, 0, ''),
(484, 149, 'red', 1, 3067, '', 0, 0, ''),
(485, 150, 'red', 1, 2039, '', 0, 0, ''),
(486, 151, 'red', 1, 101, '', 0, 0, ''),
(487, 152, 'red', 1, 291, '', 0, 0, ''),
(488, 153, 'red', 1, 3135, '', 0, 0, ''),
(489, 154, 'red', 1, 379, '', 0, 0, ''),
(490, 68, 'red', 2, 4143, 'qoMTbl', 1, 0, 'Tori A.'),
(491, 69, 'red', 2, 2781, '', 0, 0, ''),
(492, 70, 'red', 2, 1756, '', 0, 0, ''),
(493, 71, 'red', 2, 3135, '', 0, 0, ''),
(494, 72, 'red', 2, 5350, '', 0, 0, ''),
(495, 73, 'red', 2, 375, '', 0, 0, ''),
(496, 74, 'red', 2, 3695, '', 0, 0, ''),
(497, 75, 'red', 2, 3067, '', 0, 0, ''),
(498, 76, 'red', 2, 2704, '', 0, 0, ''),
(499, 77, 'red', 2, 4143, '', 0, 0, ''),
(500, 78, 'red', 2, 1736, '', 0, 0, ''),
(501, 79, 'red', 2, 171, '', 0, 0, ''),
(502, 80, 'red', 2, 4979, '', 0, 0, ''),
(503, 81, 'red', 2, 101, '', 0, 0, ''),
(504, 82, 'red', 2, 4702, '', 0, 0, ''),
(505, 83, 'red', 2, 2704, '', 0, 0, ''),
(506, 84, 'red', 2, 2136, '', 0, 0, ''),
(507, 85, 'red', 2, 4143, '', 0, 0, ''),
(508, 86, 'red', 2, 2338, '', 0, 0, ''),
(509, 87, 'red', 2, 4655, '', 0, 0, ''),
(510, 88, 'red', 2, 3695, '', 0, 0, ''),
(511, 89, 'red', 2, 2039, '', 0, 0, ''),
(512, 90, 'red', 2, 5822, '', 0, 0, ''),
(513, 91, 'red', 2, 2062, '', 0, 0, ''),
(514, 92, 'red', 2, 4787, '', 0, 0, ''),
(515, 93, 'red', 2, 2136, '', 0, 0, ''),
(516, 94, 'red', 2, 1625, '', 0, 0, ''),
(517, 95, 'red', 2, 2709, '', 0, 0, ''),
(518, 96, 'red', 2, 4787, '', 0, 0, ''),
(519, 97, 'red', 2, 2725, '', 0, 0, ''),
(520, 98, 'red', 2, 4702, '', 0, 0, ''),
(521, 99, 'red', 2, 6237, '', 0, 0, ''),
(522, 100, 'red', 2, 4645, '', 0, 0, ''),
(523, 101, 'red', 2, 3110, '', 0, 0, ''),
(524, 102, 'red', 2, 291, '', 0, 0, ''),
(525, 103, 'red', 2, 375, '', 0, 0, ''),
(526, 104, 'red', 2, 3061, '', 0, 0, ''),
(527, 105, 'red', 2, 5847, '', 0, 0, ''),
(528, 106, 'red', 2, 5822, '', 0, 0, ''),
(529, 107, 'red', 2, 3390, '', 0, 0, ''),
(530, 108, 'red', 2, 2451, '', 0, 0, ''),
(531, 109, 'red', 2, 4292, '', 0, 0, ''),
(532, 110, 'red', 2, 3352, '', 0, 0, ''),
(533, 111, 'red', 2, 4655, '', 0, 0, ''),
(534, 112, 'red', 2, 3067, '', 0, 0, ''),
(535, 113, 'red', 2, 4296, '', 0, 0, ''),
(536, 114, 'red', 2, 5822, '', 0, 0, ''),
(537, 115, 'red', 2, 1781, '', 0, 0, ''),
(538, 116, 'red', 2, 4787, '', 0, 0, ''),
(539, 117, 'red', 2, 1850, '', 0, 0, ''),
(540, 118, 'red', 2, 5125, '', 0, 0, ''),
(541, 119, 'red', 2, 931, '', 0, 0, ''),
(542, 120, 'red', 2, 3061, '', 0, 0, ''),
(543, 121, 'red', 2, 1739, '', 0, 0, ''),
(544, 122, 'red', 2, 291, '', 0, 0, ''),
(545, 123, 'red', 2, 4655, '', 0, 0, ''),
(546, 124, 'red', 2, 1781, '', 0, 0, ''),
(547, 125, 'red', 2, 4096, '', 0, 0, ''),
(548, 126, 'red', 2, 2704, '', 0, 0, ''),
(549, 127, 'red', 2, 5350, '', 0, 0, ''),
(550, 128, 'red', 2, 931, '', 0, 0, ''),
(551, 129, 'red', 2, 2062, '', 0, 0, ''),
(552, 130, 'red', 2, 3067, '', 0, 0, ''),
(553, 131, 'red', 2, 3061, '', 0, 0, ''),
(554, 132, 'red', 2, 2338, '', 0, 0, ''),
(555, 133, 'red', 2, 5847, '', 0, 0, ''),
(556, 134, 'red', 2, 4645, '', 0, 0, ''),
(557, 135, 'red', 2, 4143, '', 0, 0, ''),
(558, 136, 'red', 2, 2709, '', 0, 0, ''),
(559, 137, 'red', 2, 4329, '', 0, 0, ''),
(560, 138, 'red', 2, 4241, '', 0, 0, ''),
(561, 139, 'red', 2, 3390, '', 0, 0, ''),
(562, 140, 'red', 2, 2022, '', 0, 0, ''),
(563, 141, 'red', 2, 1625, '', 0, 0, ''),
(564, 142, 'red', 2, 3135, '', 0, 0, ''),
(565, 143, 'red', 2, 5822, '', 0, 0, ''),
(566, 144, 'red', 2, 375, '', 0, 0, ''),
(567, 145, 'red', 2, 2136, '', 0, 0, ''),
(568, 146, 'red', 2, 5847, '', 0, 0, ''),
(569, 147, 'red', 2, 171, '', 0, 0, ''),
(570, 148, 'red', 2, 4979, '', 0, 0, ''),
(571, 149, 'red', 2, 5125, '', 0, 0, ''),
(572, 150, 'red', 2, 4645, '', 0, 0, ''),
(573, 151, 'red', 2, 6237, '', 0, 0, ''),
(574, 152, 'red', 2, 4296, '', 0, 0, ''),
(575, 153, 'red', 2, 2338, '', 0, 0, ''),
(576, 154, 'red', 2, 4676, '', 0, 0, ''),
(577, 68, 'red', 3, 2022, '', 0, 0, ''),
(578, 69, 'red', 3, 4241, '', 0, 0, ''),
(579, 70, 'red', 3, 101, '', 0, 0, ''),
(580, 71, 'red', 3, 3352, '', 0, 0, ''),
(581, 72, 'red', 3, 3488, '', 0, 0, ''),
(582, 73, 'red', 3, 2151, '', 0, 0, ''),
(583, 74, 'red', 3, 171, '', 0, 0, ''),
(584, 75, 'red', 3, 2062, '', 0, 0, ''),
(585, 76, 'red', 3, 3352, '', 0, 0, ''),
(586, 77, 'red', 3, 1625, '', 0, 0, ''),
(587, 78, 'red', 3, 3695, '', 0, 0, ''),
(588, 79, 'red', 3, 4191, '', 0, 0, ''),
(589, 80, 'red', 3, 931, '', 0, 0, ''),
(590, 81, 'red', 3, 4247, '', 0, 0, ''),
(591, 82, 'red', 3, 4655, '', 0, 0, ''),
(592, 83, 'red', 3, 4676, '', 0, 0, ''),
(593, 84, 'red', 3, 2725, '', 0, 0, ''),
(594, 85, 'red', 3, 3061, '', 0, 0, ''),
(595, 86, 'red', 3, 4296, '', 0, 0, ''),
(596, 87, 'red', 3, 2704, '', 0, 0, ''),
(597, 88, 'red', 3, 375, '', 0, 0, ''),
(598, 89, 'red', 3, 2022, '', 0, 0, ''),
(599, 90, 'red', 3, 2151, '', 0, 0, ''),
(600, 91, 'red', 3, 4191, '', 0, 0, ''),
(601, 92, 'red', 3, 3352, '', 0, 0, ''),
(602, 93, 'red', 3, 2451, '', 0, 0, ''),
(603, 94, 'red', 3, 4296, '', 0, 0, ''),
(604, 95, 'red', 3, 5822, '', 0, 0, ''),
(605, 96, 'red', 3, 1850, '', 0, 0, ''),
(606, 97, 'red', 3, 2451, '', 0, 0, ''),
(607, 98, 'red', 3, 5934, '', 0, 0, ''),
(608, 99, 'red', 3, 379, '', 0, 0, ''),
(609, 100, 'red', 3, 4292, '', 0, 0, ''),
(610, 101, 'red', 3, 2039, '', 0, 0, ''),
(611, 102, 'red', 3, 5934, '', 0, 0, ''),
(612, 103, 'red', 3, 1756, '', 0, 0, ''),
(613, 104, 'red', 3, 2725, '', 0, 0, ''),
(614, 105, 'red', 3, 3110, '', 0, 0, ''),
(615, 106, 'red', 3, 3695, '', 0, 0, ''),
(616, 107, 'red', 3, 2781, '', 0, 0, ''),
(617, 108, 'red', 3, 4979, '', 0, 0, ''),
(618, 109, 'red', 3, 1625, '', 0, 0, ''),
(619, 110, 'red', 3, 4645, '', 0, 0, ''),
(620, 111, 'red', 3, 291, '', 0, 0, ''),
(621, 112, 'red', 3, 375, '', 0, 0, ''),
(622, 113, 'red', 3, 4979, '', 0, 0, ''),
(623, 114, 'red', 3, 4676, '', 0, 0, ''),
(624, 115, 'red', 3, 2151, '', 0, 0, ''),
(625, 116, 'red', 3, 5350, '', 0, 0, ''),
(626, 117, 'red', 3, 2039, '', 0, 0, ''),
(627, 118, 'red', 3, 4702, '', 0, 0, ''),
(628, 119, 'red', 3, 4143, '', 0, 0, ''),
(629, 120, 'red', 3, 1625, '', 0, 0, ''),
(630, 121, 'red', 3, 2709, '', 0, 0, ''),
(631, 122, 'red', 3, 4247, '', 0, 0, ''),
(632, 123, 'red', 3, 6237, '', 0, 0, ''),
(633, 124, 'red', 3, 3488, '', 0, 0, ''),
(634, 125, 'red', 3, 2022, '', 0, 0, ''),
(635, 126, 'red', 3, 3135, '', 0, 0, ''),
(636, 127, 'red', 3, 5847, '', 0, 0, ''),
(637, 128, 'red', 3, 1739, '', 0, 0, ''),
(638, 129, 'red', 3, 2039, '', 0, 0, ''),
(639, 130, 'red', 3, 4979, '', 0, 0, ''),
(640, 131, 'red', 3, 3488, '', 0, 0, ''),
(641, 132, 'red', 3, 4329, '', 0, 0, ''),
(642, 133, 'red', 3, 2704, '', 0, 0, ''),
(643, 134, 'red', 3, 4676, '', 0, 0, ''),
(644, 135, 'red', 3, 2022, '', 0, 0, ''),
(645, 136, 'red', 3, 379, '', 0, 0, ''),
(646, 137, 'red', 3, 291, '', 0, 0, ''),
(647, 138, 'red', 3, 2039, '', 0, 0, ''),
(648, 139, 'red', 3, 2062, '', 0, 0, ''),
(649, 140, 'red', 3, 2725, '', 0, 0, ''),
(650, 141, 'red', 3, 379, '', 0, 0, ''),
(651, 142, 'red', 3, 4787, '', 0, 0, ''),
(652, 143, 'red', 3, 1850, '', 0, 0, ''),
(653, 144, 'red', 3, 4296, '', 0, 0, ''),
(654, 145, 'red', 3, 4143, '', 0, 0, ''),
(655, 146, 'red', 3, 931, '', 0, 0, ''),
(656, 147, 'red', 3, 1756, '', 0, 0, ''),
(657, 148, 'red', 3, 1781, '', 0, 0, ''),
(658, 149, 'red', 3, 2136, '', 0, 0, ''),
(659, 150, 'red', 3, 4247, '', 0, 0, ''),
(660, 151, 'red', 3, 3061, '', 0, 0, ''),
(661, 152, 'red', 3, 1736, '', 0, 0, ''),
(662, 153, 'red', 3, 3488, '', 0, 0, ''),
(663, 154, 'red', 3, 4329, '', 0, 0, ''),
(664, 68, 'blue', 1, 5822, '', 0, 0, ''),
(665, 69, 'blue', 1, 1850, '', 0, 0, ''),
(666, 70, 'blue', 1, 4096, '', 0, 0, ''),
(667, 71, 'blue', 1, 4676, '', 0, 0, ''),
(668, 72, 'blue', 1, 1625, '', 0, 0, ''),
(669, 73, 'blue', 1, 3061, '', 0, 0, ''),
(670, 74, 'blue', 1, 1736, '', 0, 0, ''),
(671, 75, 'blue', 1, 5125, '', 0, 0, ''),
(672, 76, 'blue', 1, 4787, '', 0, 0, ''),
(673, 77, 'blue', 1, 375, '', 0, 0, ''),
(674, 78, 'blue', 1, 1850, '', 0, 0, ''),
(675, 79, 'blue', 1, 3390, '', 0, 0, ''),
(676, 80, 'blue', 1, 3061, '', 0, 0, ''),
(677, 81, 'blue', 1, 3067, '', 0, 0, ''),
(678, 82, 'blue', 1, 4329, '', 0, 0, ''),
(679, 83, 'blue', 1, 4292, '', 0, 0, ''),
(680, 84, 'blue', 1, 379, '', 0, 0, ''),
(681, 85, 'blue', 1, 1781, '', 0, 0, ''),
(682, 86, 'blue', 1, 4329, '', 0, 0, ''),
(683, 87, 'blue', 1, 3135, '', 0, 0, ''),
(684, 88, 'blue', 1, 291, '', 0, 0, ''),
(685, 89, 'blue', 1, 4676, '', 0, 0, ''),
(686, 90, 'blue', 1, 2709, '', 0, 0, ''),
(687, 91, 'blue', 1, 6237, '', 0, 0, ''),
(688, 92, 'blue', 1, 171, '', 0, 0, ''),
(689, 93, 'blue', 1, 4645, '', 0, 0, ''),
(690, 94, 'blue', 1, 3390, '', 0, 0, ''),
(691, 95, 'blue', 1, 2781, '', 0, 0, ''),
(692, 96, 'blue', 1, 5847, '', 0, 0, ''),
(693, 97, 'blue', 1, 2151, '', 0, 0, ''),
(694, 98, 'blue', 1, 1756, '', 0, 0, ''),
(695, 99, 'blue', 1, 3488, '', 0, 0, ''),
(696, 100, 'blue', 1, 2022, '', 0, 0, ''),
(697, 101, 'blue', 1, 4241, '', 0, 0, ''),
(698, 102, 'blue', 1, 4676, '', 0, 0, ''),
(699, 103, 'blue', 1, 111, '', 0, 0, ''),
(700, 104, 'blue', 1, 5350, '', 0, 0, ''),
(701, 105, 'blue', 1, 4143, '', 0, 0, ''),
(702, 106, 'blue', 1, 4655, '', 0, 0, ''),
(703, 107, 'blue', 1, 4787, '', 0, 0, ''),
(704, 108, 'blue', 1, 3488, '', 0, 0, ''),
(705, 109, 'blue', 1, 171, '', 0, 0, ''),
(706, 110, 'blue', 1, 2039, '', 0, 0, ''),
(707, 111, 'blue', 1, 2151, '', 0, 0, ''),
(708, 112, 'blue', 1, 2451, '', 0, 0, ''),
(709, 113, 'blue', 1, 4292, '', 0, 0, ''),
(710, 114, 'blue', 1, 101, '', 0, 0, ''),
(711, 115, 'blue', 1, 3135, '', 0, 0, ''),
(712, 116, 'blue', 1, 3352, '', 0, 0, ''),
(713, 117, 'blue', 1, 111, '', 0, 0, ''),
(714, 118, 'blue', 1, 2338, '', 0, 0, ''),
(715, 119, 'blue', 1, 2725, '', 0, 0, ''),
(716, 120, 'blue', 1, 4787, '', 0, 0, ''),
(717, 121, 'blue', 1, 4292, '', 0, 0, ''),
(718, 122, 'blue', 1, 5822, '', 0, 0, ''),
(719, 123, 'blue', 1, 3067, '', 0, 0, ''),
(720, 124, 'blue', 1, 4329, '', 0, 0, ''),
(721, 125, 'blue', 1, 2151, '', 0, 0, ''),
(722, 126, 'blue', 1, 4702, '', 0, 0, ''),
(723, 127, 'blue', 1, 375, '', 0, 0, ''),
(724, 128, 'blue', 1, 171, '', 0, 0, ''),
(725, 129, 'blue', 1, 3390, '', 0, 0, ''),
(726, 130, 'blue', 1, 1625, '', 0, 0, ''),
(727, 131, 'blue', 1, 3352, '', 0, 0, ''),
(728, 132, 'blue', 1, 101, '', 0, 0, ''),
(729, 133, 'blue', 1, 291, '', 0, 0, ''),
(730, 134, 'blue', 1, 2725, '', 0, 0, ''),
(731, 135, 'blue', 1, 5822, '', 0, 0, ''),
(732, 136, 'blue', 1, 5125, '', 0, 0, ''),
(733, 137, 'blue', 1, 4296, '', 0, 0, ''),
(734, 138, 'blue', 1, 4702, '', 0, 0, ''),
(735, 139, 'blue', 1, 4979, '', 0, 0, ''),
(736, 140, 'blue', 1, 5125, '', 0, 0, ''),
(737, 141, 'blue', 1, 2151, '', 0, 0, ''),
(738, 142, 'blue', 1, 2451, '', 0, 0, ''),
(739, 143, 'blue', 1, 3110, '', 0, 0, ''),
(740, 144, 'blue', 1, 1781, '', 0, 0, ''),
(741, 145, 'blue', 1, 2338, '', 0, 0, ''),
(742, 146, 'blue', 1, 4292, '', 0, 0, ''),
(743, 147, 'blue', 1, 111, '', 0, 0, ''),
(744, 148, 'blue', 1, 4241, '', 0, 0, ''),
(745, 149, 'blue', 1, 2704, '', 0, 0, ''),
(746, 150, 'blue', 1, 2151, '', 0, 0, ''),
(747, 151, 'blue', 1, 1625, '', 0, 0, ''),
(748, 152, 'blue', 1, 4096, '', 0, 0, ''),
(749, 153, 'blue', 1, 375, '', 0, 0, ''),
(750, 154, 'blue', 1, 3695, '', 0, 0, ''),
(751, 68, 'blue', 2, 2136, '', 0, 0, ''),
(752, 69, 'blue', 2, 4292, '', 0, 0, ''),
(753, 70, 'blue', 2, 4247, '', 0, 0, ''),
(754, 71, 'blue', 2, 2709, '', 0, 0, ''),
(755, 72, 'blue', 2, 2039, '', 0, 0, ''),
(756, 73, 'blue', 2, 4979, '', 0, 0, ''),
(757, 74, 'blue', 2, 4645, '', 0, 0, ''),
(758, 75, 'blue', 2, 1781, '', 0, 0, ''),
(759, 76, 'blue', 2, 6237, '', 0, 0, ''),
(760, 77, 'blue', 2, 3135, '', 0, 0, ''),
(761, 78, 'blue', 2, 2338, '', 0, 0, ''),
(762, 79, 'blue', 2, 5125, '', 0, 0, ''),
(763, 80, 'blue', 2, 2062, '', 0, 0, ''),
(764, 81, 'blue', 2, 4241, '', 0, 0, ''),
(765, 82, 'blue', 2, 3110, '', 0, 0, ''),
(766, 83, 'blue', 2, 5822, '', 0, 0, ''),
(767, 84, 'blue', 2, 4787, '', 0, 0, ''),
(768, 85, 'blue', 2, 4247, '', 0, 0, ''),
(769, 86, 'blue', 2, 1756, '', 0, 0, ''),
(770, 87, 'blue', 2, 101, '', 0, 0, ''),
(771, 88, 'blue', 2, 4096, '', 0, 0, ''),
(772, 89, 'blue', 2, 1625, '', 0, 0, ''),
(773, 90, 'blue', 2, 4702, '', 0, 0, ''),
(774, 91, 'blue', 2, 1736, '', 0, 0, ''),
(775, 92, 'blue', 2, 1781, '', 0, 0, ''),
(776, 93, 'blue', 2, 4241, '', 0, 0, ''),
(777, 94, 'blue', 2, 3695, '', 0, 0, ''),
(778, 95, 'blue', 2, 375, '', 0, 0, ''),
(779, 96, 'blue', 2, 101, '', 0, 0, ''),
(780, 97, 'blue', 2, 2338, '', 0, 0, ''),
(781, 98, 'blue', 2, 5350, '', 0, 0, ''),
(782, 99, 'blue', 2, 4247, '', 0, 0, ''),
(783, 100, 'blue', 2, 3352, '', 0, 0, ''),
(784, 101, 'blue', 2, 3135, '', 0, 0, ''),
(785, 102, 'blue', 2, 171, '', 0, 0, ''),
(786, 103, 'blue', 2, 2704, '', 0, 0, ''),
(787, 104, 'blue', 2, 3067, '', 0, 0, ''),
(788, 105, 'blue', 2, 4329, '', 0, 0, ''),
(789, 106, 'blue', 2, 931, '', 0, 0, ''),
(790, 107, 'blue', 2, 291, '', 0, 0, ''),
(791, 108, 'blue', 2, 4676, '', 0, 0, ''),
(792, 109, 'blue', 2, 2136, '', 0, 0, ''),
(793, 110, 'blue', 2, 101, '', 0, 0, ''),
(794, 111, 'blue', 2, 1756, '', 0, 0, ''),
(795, 112, 'blue', 2, 3390, '', 0, 0, ''),
(796, 113, 'blue', 2, 171, '', 0, 0, ''),
(797, 114, 'blue', 2, 4329, '', 0, 0, ''),
(798, 115, 'blue', 2, 3695, '', 0, 0, ''),
(799, 116, 'blue', 2, 2062, '', 0, 0, ''),
(800, 117, 'blue', 2, 4096, '', 0, 0, ''),
(801, 118, 'blue', 2, 2781, '', 0, 0, ''),
(802, 119, 'blue', 2, 3488, '', 0, 0, ''),
(803, 120, 'blue', 2, 4191, '', 0, 0, ''),
(804, 121, 'blue', 2, 2039, '', 0, 0, ''),
(805, 122, 'blue', 2, 3352, '', 0, 0, ''),
(806, 123, 'blue', 2, 4143, '', 0, 0, ''),
(807, 124, 'blue', 2, 1850, '', 0, 0, ''),
(808, 125, 'blue', 2, 5934, '', 0, 0, ''),
(809, 126, 'blue', 2, 379, '', 0, 0, ''),
(810, 127, 'blue', 2, 2136, '', 0, 0, ''),
(811, 128, 'blue', 2, 5125, '', 0, 0, ''),
(812, 129, 'blue', 2, 5822, '', 0, 0, ''),
(813, 130, 'blue', 2, 4787, '', 0, 0, ''),
(814, 131, 'blue', 2, 1756, '', 0, 0, ''),
(815, 132, 'blue', 2, 171, '', 0, 0, ''),
(816, 133, 'blue', 2, 2781, '', 0, 0, ''),
(817, 134, 'blue', 2, 4241, '', 0, 0, ''),
(818, 135, 'blue', 2, 2136, '', 0, 0, ''),
(819, 136, 'blue', 2, 4191, '', 0, 0, ''),
(820, 137, 'blue', 2, 5934, '', 0, 0, ''),
(821, 138, 'blue', 2, 2704, '', 0, 0, ''),
(822, 139, 'blue', 2, 1756, '', 0, 0, ''),
(823, 140, 'blue', 2, 5847, '', 0, 0, ''),
(824, 141, 'blue', 2, 931, '', 0, 0, ''),
(825, 142, 'blue', 2, 3488, '', 0, 0, ''),
(826, 143, 'blue', 2, 4645, '', 0, 0, ''),
(827, 144, 'blue', 2, 1736, '', 0, 0, ''),
(828, 145, 'blue', 2, 4096, '', 0, 0, ''),
(829, 146, 'blue', 2, 4702, '', 0, 0, ''),
(830, 147, 'blue', 2, 5822, '', 0, 0, ''),
(831, 148, 'blue', 2, 1739, '', 0, 0, ''),
(832, 149, 'blue', 2, 3110, '', 0, 0, ''),
(833, 150, 'blue', 2, 4329, '', 0, 0, ''),
(834, 151, 'blue', 2, 5934, '', 0, 0, ''),
(835, 152, 'blue', 2, 2709, '', 0, 0, ''),
(836, 153, 'blue', 2, 2062, '', 0, 0, ''),
(837, 154, 'blue', 2, 5350, '', 0, 0, ''),
(838, 68, 'blue', 3, 4702, '', 0, 0, ''),
(839, 69, 'blue', 3, 4296, '', 0, 0, ''),
(840, 70, 'blue', 3, 2725, '', 0, 0, ''),
(841, 71, 'blue', 3, 931, '', 0, 0, ''),
(842, 72, 'blue', 3, 2338, '', 0, 0, ''),
(843, 73, 'blue', 3, 5934, '', 0, 0, ''),
(844, 74, 'blue', 3, 2451, '', 0, 0, ''),
(845, 75, 'blue', 3, 379, '', 0, 0, ''),
(846, 76, 'blue', 3, 2022, '', 0, 0, ''),
(847, 77, 'blue', 3, 1739, '', 0, 0, ''),
(848, 78, 'blue', 3, 5934, '', 0, 0, ''),
(849, 79, 'blue', 3, 3488, '', 0, 0, ''),
(850, 80, 'blue', 3, 4645, '', 0, 0, ''),
(851, 81, 'blue', 3, 291, '', 0, 0, ''),
(852, 82, 'blue', 3, 4296, '', 0, 0, ''),
(853, 83, 'blue', 3, 5847, '', 0, 0, ''),
(854, 84, 'blue', 3, 2039, '', 0, 0, ''),
(855, 85, 'blue', 3, 3390, '', 0, 0, ''),
(856, 86, 'blue', 3, 931, '', 0, 0, ''),
(857, 87, 'blue', 3, 5350, '', 0, 0, ''),
(858, 88, 'blue', 3, 4292, '', 0, 0, ''),
(859, 89, 'blue', 3, 3110, '', 0, 0, ''),
(860, 90, 'blue', 3, 3067, '', 0, 0, ''),
(861, 91, 'blue', 3, 5847, '', 0, 0, ''),
(862, 92, 'blue', 3, 1850, '', 0, 0, ''),
(863, 93, 'blue', 3, 5934, '', 0, 0, ''),
(864, 94, 'blue', 3, 2704, '', 0, 0, ''),
(865, 95, 'blue', 3, 3061, '', 0, 0, ''),
(866, 96, 'blue', 3, 4143, '', 0, 0, ''),
(867, 97, 'blue', 3, 2062, '', 0, 0, ''),
(868, 98, 'blue', 3, 1781, '', 0, 0, ''),
(869, 99, 'blue', 3, 4655, '', 0, 0, ''),
(870, 100, 'blue', 3, 1736, '', 0, 0, ''),
(871, 101, 'blue', 3, 4979, '', 0, 0, ''),
(872, 102, 'blue', 3, 2062, '', 0, 0, ''),
(873, 103, 'blue', 3, 6237, '', 0, 0, ''),
(874, 104, 'blue', 3, 379, '', 0, 0, ''),
(875, 105, 'blue', 3, 1736, '', 0, 0, ''),
(876, 106, 'blue', 3, 3135, '', 0, 0, ''),
(877, 107, 'blue', 3, 1739, '', 0, 0, ''),
(878, 108, 'blue', 3, 4296, '', 0, 0, ''),
(879, 109, 'blue', 3, 4247, '', 0, 0, ''),
(880, 110, 'blue', 3, 4096, '', 0, 0, ''),
(881, 111, 'blue', 3, 3061, '', 0, 0, ''),
(882, 112, 'blue', 3, 4191, '', 0, 0, ''),
(883, 113, 'blue', 3, 2022, '', 0, 0, ''),
(884, 114, 'blue', 3, 1625, '', 0, 0, ''),
(885, 115, 'blue', 3, 2136, '', 0, 0, ''),
(886, 116, 'blue', 3, 2709, '', 0, 0, ''),
(887, 117, 'blue', 3, 5847, '', 0, 0, ''),
(888, 118, 'blue', 3, 4645, '', 0, 0, ''),
(889, 119, 'blue', 3, 2704, '', 0, 0, ''),
(890, 120, 'blue', 3, 3110, '', 0, 0, ''),
(891, 121, 'blue', 3, 2451, '', 0, 0, ''),
(892, 122, 'blue', 3, 4979, '', 0, 0, ''),
(893, 123, 'blue', 3, 2781, '', 0, 0, ''),
(894, 124, 'blue', 3, 111, '', 0, 0, ''),
(895, 125, 'blue', 3, 3390, '', 0, 0, ''),
(896, 126, 'blue', 3, 2725, '', 0, 0, ''),
(897, 127, 'blue', 3, 4645, '', 0, 0, ''),
(898, 128, 'blue', 3, 6237, '', 0, 0, ''),
(899, 129, 'blue', 3, 4655, '', 0, 0, ''),
(900, 130, 'blue', 3, 4702, '', 0, 0, ''),
(901, 131, 'blue', 3, 2136, '', 0, 0, ''),
(902, 132, 'blue', 3, 2151, '', 0, 0, ''),
(903, 133, 'blue', 3, 3110, '', 0, 0, ''),
(904, 134, 'blue', 3, 375, '', 0, 0, ''),
(905, 135, 'blue', 3, 4702, '', 0, 0, ''),
(906, 136, 'blue', 3, 4143, '', 0, 0, ''),
(907, 137, 'blue', 3, 3067, '', 0, 0, ''),
(908, 138, 'blue', 3, 3061, '', 0, 0, ''),
(909, 139, 'blue', 3, 3695, '', 0, 0, ''),
(910, 140, 'blue', 3, 2709, '', 0, 0, ''),
(911, 141, 'blue', 3, 3352, '', 0, 0, ''),
(912, 142, 'blue', 3, 111, '', 0, 0, ''),
(913, 143, 'blue', 3, 5350, '', 0, 0, ''),
(914, 144, 'blue', 3, 1739, '', 0, 0, ''),
(915, 145, 'blue', 3, 4191, '', 0, 0, ''),
(916, 146, 'blue', 3, 3352, '', 0, 0, ''),
(917, 147, 'blue', 3, 2781, '', 0, 0, ''),
(918, 148, 'blue', 3, 4655, '', 0, 0, ''),
(919, 149, 'blue', 3, 1850, '', 0, 0, ''),
(920, 150, 'blue', 3, 4191, '', 0, 0, ''),
(921, 151, 'blue', 3, 2451, '', 0, 0, ''),
(922, 152, 'blue', 3, 4143, '', 0, 0, ''),
(923, 153, 'blue', 3, 2022, '', 0, 0, ''),
(924, 154, 'blue', 3, 1739, '', 0, 0, '');

-- --------------------------------------------------------

--
-- Table structure for table `teams`
--

CREATE TABLE IF NOT EXISTS `teams` (
  `teamNumber` int(11) NOT NULL,
  `teamName` varchar(255) NOT NULL,
  PRIMARY KEY (`teamNumber`)
) ENGINE=InnoDB DEFAULT CHARSET=latin1;

--
-- Dumping data for table `teams`
--

INSERT INTO `teams` (`teamNumber`, `teamName`) VALUES
(81, 'MetalHeads'),
(93, 'NEW Apple Corps'),
(101, 'Striker'),
(111, 'WildStang'),
(171, 'Cheese Curd Herd'),
(291, 'CIA - Creativity In Action'),
(375, 'Robotic Plague'),
(379, 'RoboCats'),
(876, 'Thunder Robotics'),
(931, 'Perpetual Chaos'),
(1038, 'Thunderhawks'),
(1091, 'Oriole Assault'),
(1094, 'Channel Cats'),
(1625, 'Winnovation'),
(1732, 'Hilltoppers'),
(1736, 'Robot Casserole'),
(1739, 'Chicago Knights'),
(1756, 'Argos'),
(1781, 'Electric Eagles'),
(1850, 'Mechanicats'),
(2022, 'Titan Robotics'),
(2039, 'Rockford Robotics'),
(2040, 'DERT'),
(2062, 'C.O.R.E 2062'),
(2081, 'Icarus'),
(2115, 'Nightmares'),
(2136, 'Impossible Mission Force'),
(2151, 'Monty Pythons'),
(2169, 'KING TeC'),
(2220, 'Blue Twilight'),
(2338, 'Gear It Forward'),
(2358, 'Bearbotics'),
(2451, 'PWNAGE'),
(2481, 'Roboteers'),
(2704, 'Order 2 Chaos'),
(2709, 'Iron Wolves'),
(2725, 'Ice Princesses'),
(2781, 'RoboPRIDE'),
(3061, 'Huskie Robotics'),
(3067, 'Robovikes'),
(3110, 'SeaBots'),
(3135, 'Robotic Colonels'),
(3352, 'Flaming Monkeys'),
(3390, 'ANATOLIAN EAGLEBOTS'),
(3488, 'RoboEAGLES'),
(3528, 'Up Next'),
(3695, 'Foximus Prime'),
(4021, 'igKnightion'),
(4096, 'Ctrl-Z'),
(4143, 'MARS/ WARS'),
(4156, 'Ninjaneers'),
(4191, 'IMC'),
(4212, 'Techno Ferrets'),
(4213, 'MetalCow Robotics'),
(4241, 'Joliet Cyborgs'),
(4247, 'CougarBots'),
(4292, 'PorterBots'),
(4296, 'Trident Robotics'),
(4302, 'Robophins'),
(4314, 'SUL Abe-Ro-Bots'),
(4329, 'Lutheran Roboteers'),
(4645, 'X-Machina'),
(4646, 'Team ASAP'),
(4655, 'Stateline Robotics'),
(4676, 'Battery Chargers'),
(4702, 'CyberDoggz'),
(4721, 'Tiger Bots'),
(4787, 'Axiom'),
(4979, 'DevilStorm Robotics'),
(5125, 'Hawks on the Horizon'),
(5350, 'Hope Robotics'),
(5442, 'Mechanical Monarchy'),
(5541, 'Shakopee Robotics'),
(5822, 'WolfByte'),
(5847, 'Ironclad'),
(5934, 'Crowbotics'),
(6237, 'Martin Motion');

-- --------------------------------------------------------

--
-- Table structure for table `zones`
--

CREATE TABLE IF NOT EXISTS `zones` (
  `id` int(11) NOT NULL AUTO_INCREMENT,
  `name` varchar(50) NOT NULL,
  PRIMARY KEY (`id`)
) ENGINE=InnoDB  DEFAULT CHARSET=latin1 AUTO_INCREMENT=8 ;

--
-- Dumping data for table `zones`
--

INSERT INTO `zones` (`id`, `name`) VALUES
(1, 'Blue Home'),
(2, 'Blue Secret Passage'),
(3, 'Blue Drop Zone'),
(4, 'Red Home'),
(5, 'Red Secret Passage'),
(6, 'Red Drop Zone'),
(7, 'Neutral Territory');

--
-- Constraints for dumped tables
--

--
-- Constraints for table `matchbreaches`
--
ALTER TABLE `matchbreaches`
  ADD CONSTRAINT `matchbreaches_ibfk_1` FOREIGN KEY (`teamMatchID`) REFERENCES `teammatches` (`id`),
  ADD CONSTRAINT `matchbreaches_ibfk_2` FOREIGN KEY (`defenseID`) REFERENCES `defenses` (`id`),
  ADD CONSTRAINT `matchbreaches_ibfk_3` FOREIGN KEY (`startZone`) REFERENCES `zones` (`id`),
  ADD CONSTRAINT `matchbreaches_ibfk_4` FOREIGN KEY (`endZone`) REFERENCES `zones` (`id`);

--
-- Constraints for table `matchclimbs`
--
ALTER TABLE `matchclimbs`
  ADD CONSTRAINT `matchclimbs_ibfk_1` FOREIGN KEY (`teamMatchID`) REFERENCES `teammatches` (`id`);

--
-- Constraints for table `matchdefenses`
--
ALTER TABLE `matchdefenses`
  ADD CONSTRAINT `matchdefenses_ibfk_1` FOREIGN KEY (`matchID`) REFERENCES `matches` (`id`);

--
-- Constraints for table `matches`
--
ALTER TABLE `matches`
  ADD CONSTRAINT `fk_compID` FOREIGN KEY (`compID`) REFERENCES `competitions` (`id`);

--
-- Constraints for table `matchfeeds`
--
ALTER TABLE `matchfeeds`
  ADD CONSTRAINT `matchfeeds_ibfk_1` FOREIGN KEY (`teamMatchID`) REFERENCES `teammatches` (`id`),
  ADD CONSTRAINT `matchfeeds_ibfk_2` FOREIGN KEY (`zoneID`) REFERENCES `zones` (`id`);

--
-- Constraints for table `matchshoots`
--
ALTER TABLE `matchshoots`
  ADD CONSTRAINT `matchshoots_ibfk_1` FOREIGN KEY (`teamMatchID`) REFERENCES `teammatches` (`id`);

--
-- Constraints for table `teammatches`
--
ALTER TABLE `teammatches`
  ADD CONSTRAINT `teammatches_ibfk_1` FOREIGN KEY (`teamNumber`) REFERENCES `teams` (`teamNumber`),
  ADD CONSTRAINT `teammatches_ibfk_2` FOREIGN KEY (`matchID`) REFERENCES `matches` (`id`);

/*!40101 SET CHARACTER_SET_CLIENT=@OLD_CHARACTER_SET_CLIENT */;
/*!40101 SET CHARACTER_SET_RESULTS=@OLD_CHARACTER_SET_RESULTS */;
/*!40101 SET COLLATION_CONNECTION=@OLD_COLLATION_CONNECTION */;
