DELETE * FROM competitions;
ALTER TABLE competitions AUTO_INCREMENT = 1;
INSERT INTO competitions(name, current,leftSideAlliance) VALUES ('Central Illinois Regional',1,'red');
INSERT INTO competitions(name, current,leftSideAlliance) VALUES ('Midwest Regional',0,'blue');
DELETE * FROM teams;
INSERT INTO teams(teamNumber,name) VALUES (16,'Bomb Squad');
INSERT INTO teams(teamNumber,name) VALUES (81,'MetalHeads');
INSERT INTO teams(teamNumber,name) VALUES (101,'Striker');
INSERT INTO teams(teamNumber,name) VALUES (111,'WildStang');
INSERT INTO teams(teamNumber,name) VALUES (144,'The R.O.C.K');
INSERT INTO teams(teamNumber,name) VALUES (171,'Cheese Curd Herd');
INSERT INTO teams(teamNumber,name) VALUES (383,'Brazilian Machine');
INSERT INTO teams(teamNumber,name) VALUES (706,'Cyberhawks');
INSERT INTO teams(teamNumber,name) VALUES (1288,'RAVEN Robotics');
INSERT INTO teams(teamNumber,name) VALUES (1329,'ROBOREBELS');
INSERT INTO teams(teamNumber,name) VALUES (1511,'Rolling Thunder');
INSERT INTO teams(teamNumber,name) VALUES (1592,'Bionic Tigers');
INSERT INTO teams(teamNumber,name) VALUES (1625,'Winnovation');
INSERT INTO teams(teamNumber,name) VALUES (1723,'The FBI - FIRST Bots of Independence');
INSERT INTO teams(teamNumber,name) VALUES (1736,'Robot Casserole');
INSERT INTO teams(teamNumber,name) VALUES (1739,'Chicago Knights');
INSERT INTO teams(teamNumber,name) VALUES (1756,'Argos');
INSERT INTO teams(teamNumber,name) VALUES (1781,'Electric Eagles');
INSERT INTO teams(teamNumber,name) VALUES (1939,'THE KUHNIGITS');
INSERT INTO teams(teamNumber,name) VALUES (1986,'Team Titanium');
INSERT INTO teams(teamNumber,name) VALUES (2022,'Titan Robotics');
INSERT INTO teams(teamNumber,name) VALUES (2039,'Rockford Robotics Incorp');
INSERT INTO teams(teamNumber,name) VALUES (2040,'DERT - Dunlap Eagles Robotics Team');
INSERT INTO teams(teamNumber,name) VALUES (2081,'Icarus');
INSERT INTO teams(teamNumber,name) VALUES (2136,'Impossible Mission Force');
INSERT INTO teams(teamNumber,name) VALUES (2151,'Monty Pythons');
INSERT INTO teams(teamNumber,name) VALUES (2169,'KING TeC');
INSERT INTO teams(teamNumber,name) VALUES (2220,'Blue Twilight');
INSERT INTO teams(teamNumber,name) VALUES (2338,'Gear It Forward');
INSERT INTO teams(teamNumber,name) VALUES (2358,'Bearbotics');
INSERT INTO teams(teamNumber,name) VALUES (2451,'PWNAGE');
INSERT INTO teams(teamNumber,name) VALUES (2481,'Roboteers');
INSERT INTO teams(teamNumber,name) VALUES (2526,'Crimson Robotics');
INSERT INTO teams(teamNumber,name) VALUES (2704,'Roaring Robotics');
INSERT INTO teams(teamNumber,name) VALUES (2709,'Iron Wolves');
INSERT INTO teams(teamNumber,name) VALUES (2725,'Ice Princesses');
INSERT INTO teams(teamNumber,name) VALUES (2781,'RoboPRIDE');
INSERT INTO teams(teamNumber,name) VALUES (2826,'Wave Robotics');
INSERT INTO teams(teamNumber,name) VALUES (3061,'Huskie Robotics');
INSERT INTO teams(teamNumber,name) VALUES (3067,'Robovikes');
INSERT INTO teams(teamNumber,name) VALUES (3110,'SeaBots');
INSERT INTO teams(teamNumber,name) VALUES (3138,'Innovators Robotics');
INSERT INTO teams(teamNumber,name) VALUES (3184,'Blaze Robotics');
INSERT INTO teams(teamNumber,name) VALUES (3352,'Flaming Monkeys 4-H Robotics Club');
INSERT INTO teams(teamNumber,name) VALUES (3488,'RoboEAGLES');
INSERT INTO teams(teamNumber,name) VALUES (3620,'Average Joes');
INSERT INTO teams(teamNumber,name) VALUES (3692,'Rock N'' Robotics');
INSERT INTO teams(teamNumber,name) VALUES (3695,'Foximus Prime');
INSERT INTO teams(teamNumber,name) VALUES (3734,'Caxys');
INSERT INTO teams(teamNumber,name) VALUES (4096,'Ctrl-Z');
INSERT INTO teams(teamNumber,name) VALUES (4143,'MARS/ WARS');
INSERT INTO teams(teamNumber,name) VALUES (4156,'Ninjaneers');
INSERT INTO teams(teamNumber,name) VALUES (4212,'Techno Ferrets');
INSERT INTO teams(teamNumber,name) VALUES (4213,'MetalCow Robotics');
INSERT INTO teams(teamNumber,name) VALUES (4241,'Joliet Cyborgs');
INSERT INTO teams(teamNumber,name) VALUES (4284,'ScotBot4284');
INSERT INTO teams(teamNumber,name) VALUES (4292,'PorterBots');
INSERT INTO teams(teamNumber,name) VALUES (4296,'Trident Robotics');
INSERT INTO teams(teamNumber,name) VALUES (4500,'RoboHounds');
INSERT INTO teams(teamNumber,name) VALUES (4524,'The Memphis MechWarriors');
INSERT INTO teams(teamNumber,name) VALUES (4645,'X-Machina');
INSERT INTO teams(teamNumber,name) VALUES (4646,'Team ASAP');
INSERT INTO teams(teamNumber,name) VALUES (4655,'Stateline Robotics');
INSERT INTO teams(teamNumber,name) VALUES (4787,'Axiom');
INSERT INTO teams(teamNumber,name) VALUES (4979,'DevilStorm Robotics');
INSERT INTO teams(teamNumber,name) VALUES (5125,'Hawks on the Horizon');
INSERT INTO teams(teamNumber,name) VALUES (5350,'Hope Robotics');
INSERT INTO teams(teamNumber,name) VALUES (5442,'Mechanical Monarchy');
INSERT INTO teams(teamNumber,name) VALUES (5484,'Career Academy Robotics - Memento Vitam');
INSERT INTO teams(teamNumber,name) VALUES (5811,'BONDS');
INSERT INTO teams(teamNumber,name) VALUES (5822,'WolfByte');
INSERT INTO teams(teamNumber,name) VALUES (5847,'Ironclad');
INSERT INTO teams(teamNumber,name) VALUES (5934,'Crowbotics');
INSERT INTO teams(teamNumber,name) VALUES (6237,'Martin Motion');
INSERT INTO teams(teamNumber,name) VALUES (6651,'Golden Bots');
DELETE * FROM matches;
ALTER TABLE matches AUTO_INCREMENT = 1;
INSERT INTO matches(matchNumber,compID,lastUpdated,lastExported) VALUES (1,1,0,0);
INSERT INTO matches(matchNumber,compID,lastUpdated,lastExported) VALUES (2,1,0,0);
INSERT INTO matches(matchNumber,compID,lastUpdated,lastExported) VALUES (3,1,0,0);
INSERT INTO matches(matchNumber,compID,lastUpdated,lastExported) VALUES (4,1,0,0);
INSERT INTO matches(matchNumber,compID,lastUpdated,lastExported) VALUES (5,1,0,0);
INSERT INTO matches(matchNumber,compID,lastUpdated,lastExported) VALUES (6,1,0,0);
INSERT INTO matches(matchNumber,compID,lastUpdated,lastExported) VALUES (7,1,0,0);
INSERT INTO matches(matchNumber,compID,lastUpdated,lastExported) VALUES (8,1,0,0);
INSERT INTO matches(matchNumber,compID,lastUpdated,lastExported) VALUES (9,1,0,0);
INSERT INTO matches(matchNumber,compID,lastUpdated,lastExported) VALUES (10,1,0,0);
INSERT INTO matches(matchNumber,compID,lastUpdated,lastExported) VALUES (11,1,0,0);
INSERT INTO matches(matchNumber,compID,lastUpdated,lastExported) VALUES (12,1,0,0);
INSERT INTO matches(matchNumber,compID,lastUpdated,lastExported) VALUES (13,1,0,0);
INSERT INTO matches(matchNumber,compID,lastUpdated,lastExported) VALUES (14,1,0,0);
INSERT INTO matches(matchNumber,compID,lastUpdated,lastExported) VALUES (15,1,0,0);
INSERT INTO matches(matchNumber,compID,lastUpdated,lastExported) VALUES (16,1,0,0);
INSERT INTO matches(matchNumber,compID,lastUpdated,lastExported) VALUES (17,1,0,0);
INSERT INTO matches(matchNumber,compID,lastUpdated,lastExported) VALUES (18,1,0,0);
INSERT INTO matches(matchNumber,compID,lastUpdated,lastExported) VALUES (19,1,0,0);
INSERT INTO matches(matchNumber,compID,lastUpdated,lastExported) VALUES (20,1,0,0);
INSERT INTO matches(matchNumber,compID,lastUpdated,lastExported) VALUES (21,1,0,0);
INSERT INTO matches(matchNumber,compID,lastUpdated,lastExported) VALUES (22,1,0,0);
INSERT INTO matches(matchNumber,compID,lastUpdated,lastExported) VALUES (23,1,0,0);
INSERT INTO matches(matchNumber,compID,lastUpdated,lastExported) VALUES (24,1,0,0);
INSERT INTO matches(matchNumber,compID,lastUpdated,lastExported) VALUES (25,1,0,0);
INSERT INTO matches(matchNumber,compID,lastUpdated,lastExported) VALUES (26,1,0,0);
INSERT INTO matches(matchNumber,compID,lastUpdated,lastExported) VALUES (27,1,0,0);
INSERT INTO matches(matchNumber,compID,lastUpdated,lastExported) VALUES (28,1,0,0);
INSERT INTO matches(matchNumber,compID,lastUpdated,lastExported) VALUES (29,1,0,0);
INSERT INTO matches(matchNumber,compID,lastUpdated,lastExported) VALUES (30,1,0,0);
INSERT INTO matches(matchNumber,compID,lastUpdated,lastExported) VALUES (31,1,0,0);
INSERT INTO matches(matchNumber,compID,lastUpdated,lastExported) VALUES (32,1,0,0);
INSERT INTO matches(matchNumber,compID,lastUpdated,lastExported) VALUES (33,1,0,0);
INSERT INTO matches(matchNumber,compID,lastUpdated,lastExported) VALUES (34,1,0,0);
INSERT INTO matches(matchNumber,compID,lastUpdated,lastExported) VALUES (35,1,0,0);
INSERT INTO matches(matchNumber,compID,lastUpdated,lastExported) VALUES (36,1,0,0);
INSERT INTO matches(matchNumber,compID,lastUpdated,lastExported) VALUES (37,1,0,0);
INSERT INTO matches(matchNumber,compID,lastUpdated,lastExported) VALUES (38,1,0,0);
INSERT INTO matches(matchNumber,compID,lastUpdated,lastExported) VALUES (1,2,0,0);
INSERT INTO matches(matchNumber,compID,lastUpdated,lastExported) VALUES (2,2,0,0);
INSERT INTO matches(matchNumber,compID,lastUpdated,lastExported) VALUES (3,2,0,0);
INSERT INTO matches(matchNumber,compID,lastUpdated,lastExported) VALUES (4,2,0,0);
INSERT INTO matches(matchNumber,compID,lastUpdated,lastExported) VALUES (5,2,0,0);
INSERT INTO matches(matchNumber,compID,lastUpdated,lastExported) VALUES (6,2,0,0);
INSERT INTO matches(matchNumber,compID,lastUpdated,lastExported) VALUES (7,2,0,0);
INSERT INTO matches(matchNumber,compID,lastUpdated,lastExported) VALUES (8,2,0,0);
INSERT INTO matches(matchNumber,compID,lastUpdated,lastExported) VALUES (9,2,0,0);
INSERT INTO matches(matchNumber,compID,lastUpdated,lastExported) VALUES (10,2,0,0);
INSERT INTO matches(matchNumber,compID,lastUpdated,lastExported) VALUES (11,2,0,0);
INSERT INTO matches(matchNumber,compID,lastUpdated,lastExported) VALUES (12,2,0,0);
INSERT INTO matches(matchNumber,compID,lastUpdated,lastExported) VALUES (13,2,0,0);
INSERT INTO matches(matchNumber,compID,lastUpdated,lastExported) VALUES (14,2,0,0);
INSERT INTO matches(matchNumber,compID,lastUpdated,lastExported) VALUES (15,2,0,0);
INSERT INTO matches(matchNumber,compID,lastUpdated,lastExported) VALUES (16,2,0,0);
INSERT INTO matches(matchNumber,compID,lastUpdated,lastExported) VALUES (17,2,0,0);
INSERT INTO matches(matchNumber,compID,lastUpdated,lastExported) VALUES (18,2,0,0);
INSERT INTO matches(matchNumber,compID,lastUpdated,lastExported) VALUES (19,2,0,0);
INSERT INTO matches(matchNumber,compID,lastUpdated,lastExported) VALUES (20,2,0,0);
INSERT INTO matches(matchNumber,compID,lastUpdated,lastExported) VALUES (21,2,0,0);
INSERT INTO matches(matchNumber,compID,lastUpdated,lastExported) VALUES (22,2,0,0);
INSERT INTO matches(matchNumber,compID,lastUpdated,lastExported) VALUES (23,2,0,0);
INSERT INTO matches(matchNumber,compID,lastUpdated,lastExported) VALUES (24,2,0,0);
INSERT INTO matches(matchNumber,compID,lastUpdated,lastExported) VALUES (25,2,0,0);
INSERT INTO matches(matchNumber,compID,lastUpdated,lastExported) VALUES (26,2,0,0);
INSERT INTO matches(matchNumber,compID,lastUpdated,lastExported) VALUES (27,2,0,0);
INSERT INTO matches(matchNumber,compID,lastUpdated,lastExported) VALUES (28,2,0,0);
INSERT INTO matches(matchNumber,compID,lastUpdated,lastExported) VALUES (29,2,0,0);
INSERT INTO matches(matchNumber,compID,lastUpdated,lastExported) VALUES (30,2,0,0);
INSERT INTO matches(matchNumber,compID,lastUpdated,lastExported) VALUES (31,2,0,0);
INSERT INTO matches(matchNumber,compID,lastUpdated,lastExported) VALUES (32,2,0,0);
INSERT INTO matches(matchNumber,compID,lastUpdated,lastExported) VALUES (33,2,0,0);
INSERT INTO matches(matchNumber,compID,lastUpdated,lastExported) VALUES (34,2,0,0);
INSERT INTO matches(matchNumber,compID,lastUpdated,lastExported) VALUES (35,2,0,0);
INSERT INTO matches(matchNumber,compID,lastUpdated,lastExported) VALUES (36,2,0,0);
INSERT INTO matches(matchNumber,compID,lastUpdated,lastExported) VALUES (37,2,0,0);
DELETE * FROM teammatches;
ALTER TABLE teammatches AUTO_INCREMENT = 1;
INSERT INTO teammatches(matchID,side,position,teamNumber,collectionStarted,collectionEnded,postprocessed,ready) VALUES (1,'red',1,5934,0,0,0,0);
INSERT INTO teammatches(matchID,side,position,teamNumber,collectionStarted,collectionEnded,postprocessed,ready) VALUES (2,'red',1,4646,0,0,0,0);
INSERT INTO teammatches(matchID,side,position,teamNumber,collectionStarted,collectionEnded,postprocessed,ready) VALUES (3,'red',1,1739,0,0,0,0);
INSERT INTO teammatches(matchID,side,position,teamNumber,collectionStarted,collectionEnded,postprocessed,ready) VALUES (4,'red',1,4241,0,0,0,0);
INSERT INTO teammatches(matchID,side,position,teamNumber,collectionStarted,collectionEnded,postprocessed,ready) VALUES (5,'red',1,4212,0,0,0,0);
INSERT INTO teammatches(matchID,side,position,teamNumber,collectionStarted,collectionEnded,postprocessed,ready) VALUES (6,'red',1,2709,0,0,0,0);
INSERT INTO teammatches(matchID,side,position,teamNumber,collectionStarted,collectionEnded,postprocessed,ready) VALUES (7,'red',1,2039,0,0,0,0);
INSERT INTO teammatches(matchID,side,position,teamNumber,collectionStarted,collectionEnded,postprocessed,ready) VALUES (8,'red',1,4284,0,0,0,0);
INSERT INTO teammatches(matchID,side,position,teamNumber,collectionStarted,collectionEnded,postprocessed,ready) VALUES (9,'red',1,4213,0,0,0,0);
INSERT INTO teammatches(matchID,side,position,teamNumber,collectionStarted,collectionEnded,postprocessed,ready) VALUES (10,'red',1,4096,0,0,0,0);
INSERT INTO teammatches(matchID,side,position,teamNumber,collectionStarted,collectionEnded,postprocessed,ready) VALUES (11,'red',1,6651,0,0,0,0);
INSERT INTO teammatches(matchID,side,position,teamNumber,collectionStarted,collectionEnded,postprocessed,ready) VALUES (12,'red',1,1288,0,0,0,0);
INSERT INTO teammatches(matchID,side,position,teamNumber,collectionStarted,collectionEnded,postprocessed,ready) VALUES (13,'red',1,3695,0,0,0,0);
INSERT INTO teammatches(matchID,side,position,teamNumber,collectionStarted,collectionEnded,postprocessed,ready) VALUES (14,'red',1,706,0,0,0,0);
INSERT INTO teammatches(matchID,side,position,teamNumber,collectionStarted,collectionEnded,postprocessed,ready) VALUES (15,'red',1,5934,0,0,0,0);
INSERT INTO teammatches(matchID,side,position,teamNumber,collectionStarted,collectionEnded,postprocessed,ready) VALUES (16,'red',1,2481,0,0,0,0);
INSERT INTO teammatches(matchID,side,position,teamNumber,collectionStarted,collectionEnded,postprocessed,ready) VALUES (17,'red',1,3184,0,0,0,0);
INSERT INTO teammatches(matchID,side,position,teamNumber,collectionStarted,collectionEnded,postprocessed,ready) VALUES (18,'red',1,4645,0,0,0,0);
INSERT INTO teammatches(matchID,side,position,teamNumber,collectionStarted,collectionEnded,postprocessed,ready) VALUES (19,'red',1,3061,0,0,0,0);
INSERT INTO teammatches(matchID,side,position,teamNumber,collectionStarted,collectionEnded,postprocessed,ready) VALUES (20,'red',1,2358,0,0,0,0);
INSERT INTO teammatches(matchID,side,position,teamNumber,collectionStarted,collectionEnded,postprocessed,ready) VALUES (21,'red',1,171,0,0,0,0);
INSERT INTO teammatches(matchID,side,position,teamNumber,collectionStarted,collectionEnded,postprocessed,ready) VALUES (22,'red',1,1739,0,0,0,0);
INSERT INTO teammatches(matchID,side,position,teamNumber,collectionStarted,collectionEnded,postprocessed,ready) VALUES (23,'red',1,4213,0,0,0,0);
INSERT INTO teammatches(matchID,side,position,teamNumber,collectionStarted,collectionEnded,postprocessed,ready) VALUES (24,'red',1,4646,0,0,0,0);
INSERT INTO teammatches(matchID,side,position,teamNumber,collectionStarted,collectionEnded,postprocessed,ready) VALUES (25,'red',1,1756,0,0,0,0);
INSERT INTO teammatches(matchID,side,position,teamNumber,collectionStarted,collectionEnded,postprocessed,ready) VALUES (26,'red',1,1939,0,0,0,0);
INSERT INTO teammatches(matchID,side,position,teamNumber,collectionStarted,collectionEnded,postprocessed,ready) VALUES (27,'red',1,5847,0,0,0,0);
INSERT INTO teammatches(matchID,side,position,teamNumber,collectionStarted,collectionEnded,postprocessed,ready) VALUES (28,'red',1,2481,0,0,0,0);
INSERT INTO teammatches(matchID,side,position,teamNumber,collectionStarted,collectionEnded,postprocessed,ready) VALUES (29,'red',1,6651,0,0,0,0);
INSERT INTO teammatches(matchID,side,position,teamNumber,collectionStarted,collectionEnded,postprocessed,ready) VALUES (30,'red',1,5484,0,0,0,0);
INSERT INTO teammatches(matchID,side,position,teamNumber,collectionStarted,collectionEnded,postprocessed,ready) VALUES (31,'red',1,706,0,0,0,0);
INSERT INTO teammatches(matchID,side,position,teamNumber,collectionStarted,collectionEnded,postprocessed,ready) VALUES (32,'red',1,4143,0,0,0,0);
INSERT INTO teammatches(matchID,side,position,teamNumber,collectionStarted,collectionEnded,postprocessed,ready) VALUES (33,'red',1,1288,0,0,0,0);
INSERT INTO teammatches(matchID,side,position,teamNumber,collectionStarted,collectionEnded,postprocessed,ready) VALUES (34,'red',1,4292,0,0,0,0);
INSERT INTO teammatches(matchID,side,position,teamNumber,collectionStarted,collectionEnded,postprocessed,ready) VALUES (35,'red',1,4296,0,0,0,0);
INSERT INTO teammatches(matchID,side,position,teamNumber,collectionStarted,collectionEnded,postprocessed,ready) VALUES (36,'red',1,2709,0,0,0,0);
INSERT INTO teammatches(matchID,side,position,teamNumber,collectionStarted,collectionEnded,postprocessed,ready) VALUES (37,'red',1,5350,0,0,0,0);
INSERT INTO teammatches(matchID,side,position,teamNumber,collectionStarted,collectionEnded,postprocessed,ready) VALUES (38,'red',1,4787,0,0,0,0);
INSERT INTO teammatches(matchID,side,position,teamNumber,collectionStarted,collectionEnded,postprocessed,ready) VALUES (39,'red',1,1592,0,0,0,0);
INSERT INTO teammatches(matchID,side,position,teamNumber,collectionStarted,collectionEnded,postprocessed,ready) VALUES (40,'red',1,5484,0,0,0,0);
INSERT INTO teammatches(matchID,side,position,teamNumber,collectionStarted,collectionEnded,postprocessed,ready) VALUES (41,'red',1,3695,0,0,0,0);
INSERT INTO teammatches(matchID,side,position,teamNumber,collectionStarted,collectionEnded,postprocessed,ready) VALUES (42,'red',1,2338,0,0,0,0);
INSERT INTO teammatches(matchID,side,position,teamNumber,collectionStarted,collectionEnded,postprocessed,ready) VALUES (43,'red',1,1288,0,0,0,0);
INSERT INTO teammatches(matchID,side,position,teamNumber,collectionStarted,collectionEnded,postprocessed,ready) VALUES (44,'red',1,5350,0,0,0,0);
INSERT INTO teammatches(matchID,side,position,teamNumber,collectionStarted,collectionEnded,postprocessed,ready) VALUES (45,'red',1,1511,0,0,0,0);
INSERT INTO teammatches(matchID,side,position,teamNumber,collectionStarted,collectionEnded,postprocessed,ready) VALUES (46,'red',1,2081,0,0,0,0);
INSERT INTO teammatches(matchID,side,position,teamNumber,collectionStarted,collectionEnded,postprocessed,ready) VALUES (47,'red',1,4296,0,0,0,0);
INSERT INTO teammatches(matchID,side,position,teamNumber,collectionStarted,collectionEnded,postprocessed,ready) VALUES (48,'red',1,2709,0,0,0,0);
INSERT INTO teammatches(matchID,side,position,teamNumber,collectionStarted,collectionEnded,postprocessed,ready) VALUES (49,'red',1,1736,0,0,0,0);
INSERT INTO teammatches(matchID,side,position,teamNumber,collectionStarted,collectionEnded,postprocessed,ready) VALUES (50,'red',1,4655,0,0,0,0);
INSERT INTO teammatches(matchID,side,position,teamNumber,collectionStarted,collectionEnded,postprocessed,ready) VALUES (51,'red',1,4655,0,0,0,0);
INSERT INTO teammatches(matchID,side,position,teamNumber,collectionStarted,collectionEnded,postprocessed,ready) VALUES (52,'red',1,2169,0,0,0,0);
INSERT INTO teammatches(matchID,side,position,teamNumber,collectionStarted,collectionEnded,postprocessed,ready) VALUES (53,'red',1,1736,0,0,0,0);
INSERT INTO teammatches(matchID,side,position,teamNumber,collectionStarted,collectionEnded,postprocessed,ready) VALUES (54,'red',1,3067,0,0,0,0);
INSERT INTO teammatches(matchID,side,position,teamNumber,collectionStarted,collectionEnded,postprocessed,ready) VALUES (55,'red',1,3184,0,0,0,0);
INSERT INTO teammatches(matchID,side,position,teamNumber,collectionStarted,collectionEnded,postprocessed,ready) VALUES (56,'red',1,1592,0,0,0,0);
INSERT INTO teammatches(matchID,side,position,teamNumber,collectionStarted,collectionEnded,postprocessed,ready) VALUES (57,'red',1,2169,0,0,0,0);
INSERT INTO teammatches(matchID,side,position,teamNumber,collectionStarted,collectionEnded,postprocessed,ready) VALUES (58,'red',1,2526,0,0,0,0);
INSERT INTO teammatches(matchID,side,position,teamNumber,collectionStarted,collectionEnded,postprocessed,ready) VALUES (59,'red',1,2040,0,0,0,0);
INSERT INTO teammatches(matchID,side,position,teamNumber,collectionStarted,collectionEnded,postprocessed,ready) VALUES (60,'red',1,1329,0,0,0,0);
INSERT INTO teammatches(matchID,side,position,teamNumber,collectionStarted,collectionEnded,postprocessed,ready) VALUES (61,'red',1,2358,0,0,0,0);
INSERT INTO teammatches(matchID,side,position,teamNumber,collectionStarted,collectionEnded,postprocessed,ready) VALUES (62,'red',1,2358,0,0,0,0);
INSERT INTO teammatches(matchID,side,position,teamNumber,collectionStarted,collectionEnded,postprocessed,ready) VALUES (63,'red',1,4292,0,0,0,0);
INSERT INTO teammatches(matchID,side,position,teamNumber,collectionStarted,collectionEnded,postprocessed,ready) VALUES (64,'red',1,2704,0,0,0,0);
INSERT INTO teammatches(matchID,side,position,teamNumber,collectionStarted,collectionEnded,postprocessed,ready) VALUES (65,'red',1,1736,0,0,0,0);
INSERT INTO teammatches(matchID,side,position,teamNumber,collectionStarted,collectionEnded,postprocessed,ready) VALUES (66,'red',1,3620,0,0,0,0);
INSERT INTO teammatches(matchID,side,position,teamNumber,collectionStarted,collectionEnded,postprocessed,ready) VALUES (67,'red',1,3695,0,0,0,0);
INSERT INTO teammatches(matchID,side,position,teamNumber,collectionStarted,collectionEnded,postprocessed,ready) VALUES (68,'red',1,3695,0,0,0,0);
INSERT INTO teammatches(matchID,side,position,teamNumber,collectionStarted,collectionEnded,postprocessed,ready) VALUES (69,'red',1,2169,0,0,0,0);
INSERT INTO teammatches(matchID,side,position,teamNumber,collectionStarted,collectionEnded,postprocessed,ready) VALUES (70,'red',1,2481,0,0,0,0);
INSERT INTO teammatches(matchID,side,position,teamNumber,collectionStarted,collectionEnded,postprocessed,ready) VALUES (71,'red',1,4241,0,0,0,0);
INSERT INTO teammatches(matchID,side,position,teamNumber,collectionStarted,collectionEnded,postprocessed,ready) VALUES (72,'red',1,2022,0,0,0,0);
INSERT INTO teammatches(matchID,side,position,teamNumber,collectionStarted,collectionEnded,postprocessed,ready) VALUES (73,'red',1,3138,0,0,0,0);
INSERT INTO teammatches(matchID,side,position,teamNumber,collectionStarted,collectionEnded,postprocessed,ready) VALUES (74,'red',1,4296,0,0,0,0);
INSERT INTO teammatches(matchID,side,position,teamNumber,collectionStarted,collectionEnded,postprocessed,ready) VALUES (75,'red',1,2040,0,0,0,0);
INSERT INTO teammatches(matchID,side,position,teamNumber,collectionStarted,collectionEnded,postprocessed,ready) VALUES (1,'red',2,1939,0,0,0,0);
INSERT INTO teammatches(matchID,side,position,teamNumber,collectionStarted,collectionEnded,postprocessed,ready) VALUES (2,'red',2,4156,0,0,0,0);
INSERT INTO teammatches(matchID,side,position,teamNumber,collectionStarted,collectionEnded,postprocessed,ready) VALUES (3,'red',2,4292,0,0,0,0);
INSERT INTO teammatches(matchID,side,position,teamNumber,collectionStarted,collectionEnded,postprocessed,ready) VALUES (4,'red',2,2358,0,0,0,0);
INSERT INTO teammatches(matchID,side,position,teamNumber,collectionStarted,collectionEnded,postprocessed,ready) VALUES (5,'red',2,3692,0,0,0,0);
INSERT INTO teammatches(matchID,side,position,teamNumber,collectionStarted,collectionEnded,postprocessed,ready) VALUES (6,'red',2,1756,0,0,0,0);
INSERT INTO teammatches(matchID,side,position,teamNumber,collectionStarted,collectionEnded,postprocessed,ready) VALUES (7,'red',2,1592,0,0,0,0);
INSERT INTO teammatches(matchID,side,position,teamNumber,collectionStarted,collectionEnded,postprocessed,ready) VALUES (8,'red',2,4143,0,0,0,0);
INSERT INTO teammatches(matchID,side,position,teamNumber,collectionStarted,collectionEnded,postprocessed,ready) VALUES (9,'red',2,2169,0,0,0,0);
INSERT INTO teammatches(matchID,side,position,teamNumber,collectionStarted,collectionEnded,postprocessed,ready) VALUES (10,'red',2,4296,0,0,0,0);
INSERT INTO teammatches(matchID,side,position,teamNumber,collectionStarted,collectionEnded,postprocessed,ready) VALUES (11,'red',2,2040,0,0,0,0);
INSERT INTO teammatches(matchID,side,position,teamNumber,collectionStarted,collectionEnded,postprocessed,ready) VALUES (12,'red',2,3488,0,0,0,0);
INSERT INTO teammatches(matchID,side,position,teamNumber,collectionStarted,collectionEnded,postprocessed,ready) VALUES (13,'red',2,2451,0,0,0,0);
INSERT INTO teammatches(matchID,side,position,teamNumber,collectionStarted,collectionEnded,postprocessed,ready) VALUES (14,'red',2,2526,0,0,0,0);
INSERT INTO teammatches(matchID,side,position,teamNumber,collectionStarted,collectionEnded,postprocessed,ready) VALUES (15,'red',2,4296,0,0,0,0);
INSERT INTO teammatches(matchID,side,position,teamNumber,collectionStarted,collectionEnded,postprocessed,ready) VALUES (16,'red',2,3138,0,0,0,0);
INSERT INTO teammatches(matchID,side,position,teamNumber,collectionStarted,collectionEnded,postprocessed,ready) VALUES (17,'red',2,4241,0,0,0,0);
INSERT INTO teammatches(matchID,side,position,teamNumber,collectionStarted,collectionEnded,postprocessed,ready) VALUES (18,'red',2,1723,0,0,0,0);
INSERT INTO teammatches(matchID,side,position,teamNumber,collectionStarted,collectionEnded,postprocessed,ready) VALUES (19,'red',2,1592,0,0,0,0);
INSERT INTO teammatches(matchID,side,position,teamNumber,collectionStarted,collectionEnded,postprocessed,ready) VALUES (20,'red',2,4645,0,0,0,0);
INSERT INTO teammatches(matchID,side,position,teamNumber,collectionStarted,collectionEnded,postprocessed,ready) VALUES (21,'red',2,3067,0,0,0,0);
INSERT INTO teammatches(matchID,side,position,teamNumber,collectionStarted,collectionEnded,postprocessed,ready) VALUES (22,'red',2,1329,0,0,0,0);
INSERT INTO teammatches(matchID,side,position,teamNumber,collectionStarted,collectionEnded,postprocessed,ready) VALUES (23,'red',2,1756,0,0,0,0);
INSERT INTO teammatches(matchID,side,position,teamNumber,collectionStarted,collectionEnded,postprocessed,ready) VALUES (24,'red',2,383,0,0,0,0);
INSERT INTO teammatches(matchID,side,position,teamNumber,collectionStarted,collectionEnded,postprocessed,ready) VALUES (25,'red',2,2725,0,0,0,0);
INSERT INTO teammatches(matchID,side,position,teamNumber,collectionStarted,collectionEnded,postprocessed,ready) VALUES (26,'red',2,3110,0,0,0,0);
INSERT INTO teammatches(matchID,side,position,teamNumber,collectionStarted,collectionEnded,postprocessed,ready) VALUES (27,'red',2,4655,0,0,0,0);
INSERT INTO teammatches(matchID,side,position,teamNumber,collectionStarted,collectionEnded,postprocessed,ready) VALUES (28,'red',2,3352,0,0,0,0);
INSERT INTO teammatches(matchID,side,position,teamNumber,collectionStarted,collectionEnded,postprocessed,ready) VALUES (29,'red',2,3067,0,0,0,0);
INSERT INTO teammatches(matchID,side,position,teamNumber,collectionStarted,collectionEnded,postprocessed,ready) VALUES (30,'red',2,5125,0,0,0,0);
INSERT INTO teammatches(matchID,side,position,teamNumber,collectionStarted,collectionEnded,postprocessed,ready) VALUES (31,'red',2,5484,0,0,0,0);
INSERT INTO teammatches(matchID,side,position,teamNumber,collectionStarted,collectionEnded,postprocessed,ready) VALUES (32,'red',2,3695,0,0,0,0);
INSERT INTO teammatches(matchID,side,position,teamNumber,collectionStarted,collectionEnded,postprocessed,ready) VALUES (33,'red',2,5442,0,0,0,0);
INSERT INTO teammatches(matchID,side,position,teamNumber,collectionStarted,collectionEnded,postprocessed,ready) VALUES (34,'red',2,4096,0,0,0,0);
INSERT INTO teammatches(matchID,side,position,teamNumber,collectionStarted,collectionEnded,postprocessed,ready) VALUES (35,'red',2,2039,0,0,0,0);
INSERT INTO teammatches(matchID,side,position,teamNumber,collectionStarted,collectionEnded,postprocessed,ready) VALUES (36,'red',2,3110,0,0,0,0);
INSERT INTO teammatches(matchID,side,position,teamNumber,collectionStarted,collectionEnded,postprocessed,ready) VALUES (37,'red',2,2022,0,0,0,0);
INSERT INTO teammatches(matchID,side,position,teamNumber,collectionStarted,collectionEnded,postprocessed,ready) VALUES (38,'red',2,3695,0,0,0,0);
INSERT INTO teammatches(matchID,side,position,teamNumber,collectionStarted,collectionEnded,postprocessed,ready) VALUES (39,'red',2,4655,0,0,0,0);
INSERT INTO teammatches(matchID,side,position,teamNumber,collectionStarted,collectionEnded,postprocessed,ready) VALUES (40,'red',2,1723,0,0,0,0);
INSERT INTO teammatches(matchID,side,position,teamNumber,collectionStarted,collectionEnded,postprocessed,ready) VALUES (41,'red',2,5125,0,0,0,0);
INSERT INTO teammatches(matchID,side,position,teamNumber,collectionStarted,collectionEnded,postprocessed,ready) VALUES (42,'red',2,4646,0,0,0,0);
INSERT INTO teammatches(matchID,side,position,teamNumber,collectionStarted,collectionEnded,postprocessed,ready) VALUES (43,'red',2,3620,0,0,0,0);
INSERT INTO teammatches(matchID,side,position,teamNumber,collectionStarted,collectionEnded,postprocessed,ready) VALUES (44,'red',2,2022,0,0,0,0);
INSERT INTO teammatches(matchID,side,position,teamNumber,collectionStarted,collectionEnded,postprocessed,ready) VALUES (45,'red',2,3692,0,0,0,0);
INSERT INTO teammatches(matchID,side,position,teamNumber,collectionStarted,collectionEnded,postprocessed,ready) VALUES (46,'red',2,2826,0,0,0,0);
INSERT INTO teammatches(matchID,side,position,teamNumber,collectionStarted,collectionEnded,postprocessed,ready) VALUES (47,'red',2,2358,0,0,0,0);
INSERT INTO teammatches(matchID,side,position,teamNumber,collectionStarted,collectionEnded,postprocessed,ready) VALUES (48,'red',2,3067,0,0,0,0);
INSERT INTO teammatches(matchID,side,position,teamNumber,collectionStarted,collectionEnded,postprocessed,ready) VALUES (49,'red',2,3138,0,0,0,0);
INSERT INTO teammatches(matchID,side,position,teamNumber,collectionStarted,collectionEnded,postprocessed,ready) VALUES (50,'red',2,4096,0,0,0,0);
INSERT INTO teammatches(matchID,side,position,teamNumber,collectionStarted,collectionEnded,postprocessed,ready) VALUES (51,'red',2,2039,0,0,0,0);
INSERT INTO teammatches(matchID,side,position,teamNumber,collectionStarted,collectionEnded,postprocessed,ready) VALUES (52,'red',2,1329,0,0,0,0);
INSERT INTO teammatches(matchID,side,position,teamNumber,collectionStarted,collectionEnded,postprocessed,ready) VALUES (53,'red',2,111,0,0,0,0);
INSERT INTO teammatches(matchID,side,position,teamNumber,collectionStarted,collectionEnded,postprocessed,ready) VALUES (54,'red',2,4096,0,0,0,0);
INSERT INTO teammatches(matchID,side,position,teamNumber,collectionStarted,collectionEnded,postprocessed,ready) VALUES (55,'red',2,2022,0,0,0,0);
INSERT INTO teammatches(matchID,side,position,teamNumber,collectionStarted,collectionEnded,postprocessed,ready) VALUES (56,'red',2,2451,0,0,0,0);
INSERT INTO teammatches(matchID,side,position,teamNumber,collectionStarted,collectionEnded,postprocessed,ready) VALUES (57,'red',2,3692,0,0,0,0);
INSERT INTO teammatches(matchID,side,position,teamNumber,collectionStarted,collectionEnded,postprocessed,ready) VALUES (58,'red',2,2709,0,0,0,0);
INSERT INTO teammatches(matchID,side,position,teamNumber,collectionStarted,collectionEnded,postprocessed,ready) VALUES (59,'red',2,5811,0,0,0,0);
INSERT INTO teammatches(matchID,side,position,teamNumber,collectionStarted,collectionEnded,postprocessed,ready) VALUES (60,'red',2,3695,0,0,0,0);
INSERT INTO teammatches(matchID,side,position,teamNumber,collectionStarted,collectionEnded,postprocessed,ready) VALUES (61,'red',2,383,0,0,0,0);
INSERT INTO teammatches(matchID,side,position,teamNumber,collectionStarted,collectionEnded,postprocessed,ready) VALUES (62,'red',2,1736,0,0,0,0);
INSERT INTO teammatches(matchID,side,position,teamNumber,collectionStarted,collectionEnded,postprocessed,ready) VALUES (63,'red',2,5350,0,0,0,0);
INSERT INTO teammatches(matchID,side,position,teamNumber,collectionStarted,collectionEnded,postprocessed,ready) VALUES (64,'red',2,171,0,0,0,0);
INSERT INTO teammatches(matchID,side,position,teamNumber,collectionStarted,collectionEnded,postprocessed,ready) VALUES (65,'red',2,2704,0,0,0,0);
INSERT INTO teammatches(matchID,side,position,teamNumber,collectionStarted,collectionEnded,postprocessed,ready) VALUES (66,'red',2,2151,0,0,0,0);
INSERT INTO teammatches(matchID,side,position,teamNumber,collectionStarted,collectionEnded,postprocessed,ready) VALUES (67,'red',2,2338,0,0,0,0);
INSERT INTO teammatches(matchID,side,position,teamNumber,collectionStarted,collectionEnded,postprocessed,ready) VALUES (68,'red',2,5442,0,0,0,0);
INSERT INTO teammatches(matchID,side,position,teamNumber,collectionStarted,collectionEnded,postprocessed,ready) VALUES (69,'red',2,5484,0,0,0,0);
INSERT INTO teammatches(matchID,side,position,teamNumber,collectionStarted,collectionEnded,postprocessed,ready) VALUES (70,'red',2,6651,0,0,0,0);
INSERT INTO teammatches(matchID,side,position,teamNumber,collectionStarted,collectionEnded,postprocessed,ready) VALUES (71,'red',2,4292,0,0,0,0);
INSERT INTO teammatches(matchID,side,position,teamNumber,collectionStarted,collectionEnded,postprocessed,ready) VALUES (72,'red',2,2481,0,0,0,0);
INSERT INTO teammatches(matchID,side,position,teamNumber,collectionStarted,collectionEnded,postprocessed,ready) VALUES (73,'red',2,1592,0,0,0,0);
INSERT INTO teammatches(matchID,side,position,teamNumber,collectionStarted,collectionEnded,postprocessed,ready) VALUES (74,'red',2,4500,0,0,0,0);
INSERT INTO teammatches(matchID,side,position,teamNumber,collectionStarted,collectionEnded,postprocessed,ready) VALUES (75,'red',2,1986,0,0,0,0);
INSERT INTO teammatches(matchID,side,position,teamNumber,collectionStarted,collectionEnded,postprocessed,ready) VALUES (1,'red',3,101,0,0,0,0);
INSERT INTO teammatches(matchID,side,position,teamNumber,collectionStarted,collectionEnded,postprocessed,ready) VALUES (2,'red',3,2451,0,0,0,0);
INSERT INTO teammatches(matchID,side,position,teamNumber,collectionStarted,collectionEnded,postprocessed,ready) VALUES (3,'red',3,5847,0,0,0,0);
INSERT INTO teammatches(matchID,side,position,teamNumber,collectionStarted,collectionEnded,postprocessed,ready) VALUES (4,'red',3,4096,0,0,0,0);
INSERT INTO teammatches(matchID,side,position,teamNumber,collectionStarted,collectionEnded,postprocessed,ready) VALUES (5,'red',3,1781,0,0,0,0);
INSERT INTO teammatches(matchID,side,position,teamNumber,collectionStarted,collectionEnded,postprocessed,ready) VALUES (6,'red',3,2040,0,0,0,0);
INSERT INTO teammatches(matchID,side,position,teamNumber,collectionStarted,collectionEnded,postprocessed,ready) VALUES (7,'red',3,2481,0,0,0,0);
INSERT INTO teammatches(matchID,side,position,teamNumber,collectionStarted,collectionEnded,postprocessed,ready) VALUES (8,'red',3,706,0,0,0,0);
INSERT INTO teammatches(matchID,side,position,teamNumber,collectionStarted,collectionEnded,postprocessed,ready) VALUES (9,'red',3,4156,0,0,0,0);
INSERT INTO teammatches(matchID,side,position,teamNumber,collectionStarted,collectionEnded,postprocessed,ready) VALUES (10,'red',3,4645,0,0,0,0);
INSERT INTO teammatches(matchID,side,position,teamNumber,collectionStarted,collectionEnded,postprocessed,ready) VALUES (11,'red',3,6237,0,0,0,0);
INSERT INTO teammatches(matchID,side,position,teamNumber,collectionStarted,collectionEnded,postprocessed,ready) VALUES (12,'red',3,5934,0,0,0,0);
INSERT INTO teammatches(matchID,side,position,teamNumber,collectionStarted,collectionEnded,postprocessed,ready) VALUES (13,'red',3,1939,0,0,0,0);
INSERT INTO teammatches(matchID,side,position,teamNumber,collectionStarted,collectionEnded,postprocessed,ready) VALUES (14,'red',3,4143,0,0,0,0);
INSERT INTO teammatches(matchID,side,position,teamNumber,collectionStarted,collectionEnded,postprocessed,ready) VALUES (15,'red',3,5847,0,0,0,0);
INSERT INTO teammatches(matchID,side,position,teamNumber,collectionStarted,collectionEnded,postprocessed,ready) VALUES (16,'red',3,5822,0,0,0,0);
INSERT INTO teammatches(matchID,side,position,teamNumber,collectionStarted,collectionEnded,postprocessed,ready) VALUES (17,'red',3,3061,0,0,0,0);
INSERT INTO teammatches(matchID,side,position,teamNumber,collectionStarted,collectionEnded,postprocessed,ready) VALUES (18,'red',3,3692,0,0,0,0);
INSERT INTO teammatches(matchID,side,position,teamNumber,collectionStarted,collectionEnded,postprocessed,ready) VALUES (19,'red',3,2151,0,0,0,0);
INSERT INTO teammatches(matchID,side,position,teamNumber,collectionStarted,collectionEnded,postprocessed,ready) VALUES (20,'red',3,1736,0,0,0,0);
INSERT INTO teammatches(matchID,side,position,teamNumber,collectionStarted,collectionEnded,postprocessed,ready) VALUES (21,'red',3,3110,0,0,0,0);
INSERT INTO teammatches(matchID,side,position,teamNumber,collectionStarted,collectionEnded,postprocessed,ready) VALUES (22,'red',3,3067,0,0,0,0);
INSERT INTO teammatches(matchID,side,position,teamNumber,collectionStarted,collectionEnded,postprocessed,ready) VALUES (23,'red',3,144,0,0,0,0);
INSERT INTO teammatches(matchID,side,position,teamNumber,collectionStarted,collectionEnded,postprocessed,ready) VALUES (24,'red',3,101,0,0,0,0);
INSERT INTO teammatches(matchID,side,position,teamNumber,collectionStarted,collectionEnded,postprocessed,ready) VALUES (25,'red',3,1781,0,0,0,0);
INSERT INTO teammatches(matchID,side,position,teamNumber,collectionStarted,collectionEnded,postprocessed,ready) VALUES (26,'red',3,5822,0,0,0,0);
INSERT INTO teammatches(matchID,side,position,teamNumber,collectionStarted,collectionEnded,postprocessed,ready) VALUES (27,'red',3,1736,0,0,0,0);
INSERT INTO teammatches(matchID,side,position,teamNumber,collectionStarted,collectionEnded,postprocessed,ready) VALUES (28,'red',3,5811,0,0,0,0);
INSERT INTO teammatches(matchID,side,position,teamNumber,collectionStarted,collectionEnded,postprocessed,ready) VALUES (29,'red',3,4284,0,0,0,0);
INSERT INTO teammatches(matchID,side,position,teamNumber,collectionStarted,collectionEnded,postprocessed,ready) VALUES (30,'red',3,4284,0,0,0,0);
INSERT INTO teammatches(matchID,side,position,teamNumber,collectionStarted,collectionEnded,postprocessed,ready) VALUES (31,'red',3,2704,0,0,0,0);
INSERT INTO teammatches(matchID,side,position,teamNumber,collectionStarted,collectionEnded,postprocessed,ready) VALUES (32,'red',3,1511,0,0,0,0);
INSERT INTO teammatches(matchID,side,position,teamNumber,collectionStarted,collectionEnded,postprocessed,ready) VALUES (33,'red',3,4646,0,0,0,0);
INSERT INTO teammatches(matchID,side,position,teamNumber,collectionStarted,collectionEnded,postprocessed,ready) VALUES (34,'red',3,144,0,0,0,0);
INSERT INTO teammatches(matchID,side,position,teamNumber,collectionStarted,collectionEnded,postprocessed,ready) VALUES (35,'red',3,171,0,0,0,0);
INSERT INTO teammatches(matchID,side,position,teamNumber,collectionStarted,collectionEnded,postprocessed,ready) VALUES (36,'red',3,5822,0,0,0,0);
INSERT INTO teammatches(matchID,side,position,teamNumber,collectionStarted,collectionEnded,postprocessed,ready) VALUES (37,'red',3,5811,0,0,0,0);
INSERT INTO teammatches(matchID,side,position,teamNumber,collectionStarted,collectionEnded,postprocessed,ready) VALUES (38,'red',3,5484,0,0,0,0);
INSERT INTO teammatches(matchID,side,position,teamNumber,collectionStarted,collectionEnded,postprocessed,ready) VALUES (39,'red',3,2039,0,0,0,0);
INSERT INTO teammatches(matchID,side,position,teamNumber,collectionStarted,collectionEnded,postprocessed,ready) VALUES (40,'red',3,3695,0,0,0,0);
INSERT INTO teammatches(matchID,side,position,teamNumber,collectionStarted,collectionEnded,postprocessed,ready) VALUES (41,'red',3,1756,0,0,0,0);
INSERT INTO teammatches(matchID,side,position,teamNumber,collectionStarted,collectionEnded,postprocessed,ready) VALUES (42,'red',3,3067,0,0,0,0);
INSERT INTO teammatches(matchID,side,position,teamNumber,collectionStarted,collectionEnded,postprocessed,ready) VALUES (43,'red',3,1736,0,0,0,0);
INSERT INTO teammatches(matchID,side,position,teamNumber,collectionStarted,collectionEnded,postprocessed,ready) VALUES (44,'red',3,2526,0,0,0,0);
INSERT INTO teammatches(matchID,side,position,teamNumber,collectionStarted,collectionEnded,postprocessed,ready) VALUES (45,'red',3,3620,0,0,0,0);
INSERT INTO teammatches(matchID,side,position,teamNumber,collectionStarted,collectionEnded,postprocessed,ready) VALUES (46,'red',3,2151,0,0,0,0);
INSERT INTO teammatches(matchID,side,position,teamNumber,collectionStarted,collectionEnded,postprocessed,ready) VALUES (47,'red',3,2169,0,0,0,0);
INSERT INTO teammatches(matchID,side,position,teamNumber,collectionStarted,collectionEnded,postprocessed,ready) VALUES (48,'red',3,4212,0,0,0,0);
INSERT INTO teammatches(matchID,side,position,teamNumber,collectionStarted,collectionEnded,postprocessed,ready) VALUES (49,'red',3,2022,0,0,0,0);
INSERT INTO teammatches(matchID,side,position,teamNumber,collectionStarted,collectionEnded,postprocessed,ready) VALUES (50,'red',3,1736,0,0,0,0);
INSERT INTO teammatches(matchID,side,position,teamNumber,collectionStarted,collectionEnded,postprocessed,ready) VALUES (51,'red',3,2826,0,0,0,0);
INSERT INTO teammatches(matchID,side,position,teamNumber,collectionStarted,collectionEnded,postprocessed,ready) VALUES (52,'red',3,4979,0,0,0,0);
INSERT INTO teammatches(matchID,side,position,teamNumber,collectionStarted,collectionEnded,postprocessed,ready) VALUES (53,'red',3,2338,0,0,0,0);
INSERT INTO teammatches(matchID,side,position,teamNumber,collectionStarted,collectionEnded,postprocessed,ready) VALUES (54,'red',3,2022,0,0,0,0);
INSERT INTO teammatches(matchID,side,position,teamNumber,collectionStarted,collectionEnded,postprocessed,ready) VALUES (55,'red',3,6651,0,0,0,0);
INSERT INTO teammatches(matchID,side,position,teamNumber,collectionStarted,collectionEnded,postprocessed,ready) VALUES (56,'red',3,5350,0,0,0,0);
INSERT INTO teammatches(matchID,side,position,teamNumber,collectionStarted,collectionEnded,postprocessed,ready) VALUES (57,'red',3,4500,0,0,0,0);
INSERT INTO teammatches(matchID,side,position,teamNumber,collectionStarted,collectionEnded,postprocessed,ready) VALUES (58,'red',3,4213,0,0,0,0);
INSERT INTO teammatches(matchID,side,position,teamNumber,collectionStarted,collectionEnded,postprocessed,ready) VALUES (59,'red',3,1986,0,0,0,0);
INSERT INTO teammatches(matchID,side,position,teamNumber,collectionStarted,collectionEnded,postprocessed,ready) VALUES (60,'red',3,6237,0,0,0,0);
INSERT INTO teammatches(matchID,side,position,teamNumber,collectionStarted,collectionEnded,postprocessed,ready) VALUES (61,'red',3,5125,0,0,0,0);
INSERT INTO teammatches(matchID,side,position,teamNumber,collectionStarted,collectionEnded,postprocessed,ready) VALUES (62,'red',3,1723,0,0,0,0);
INSERT INTO teammatches(matchID,side,position,teamNumber,collectionStarted,collectionEnded,postprocessed,ready) VALUES (63,'red',3,2725,0,0,0,0);
INSERT INTO teammatches(matchID,side,position,teamNumber,collectionStarted,collectionEnded,postprocessed,ready) VALUES (64,'red',3,101,0,0,0,0);
INSERT INTO teammatches(matchID,side,position,teamNumber,collectionStarted,collectionEnded,postprocessed,ready) VALUES (65,'red',3,3184,0,0,0,0);
INSERT INTO teammatches(matchID,side,position,teamNumber,collectionStarted,collectionEnded,postprocessed,ready) VALUES (66,'red',3,3067,0,0,0,0);
INSERT INTO teammatches(matchID,side,position,teamNumber,collectionStarted,collectionEnded,postprocessed,ready) VALUES (67,'red',3,5442,0,0,0,0);
INSERT INTO teammatches(matchID,side,position,teamNumber,collectionStarted,collectionEnded,postprocessed,ready) VALUES (68,'red',3,2451,0,0,0,0);
INSERT INTO teammatches(matchID,side,position,teamNumber,collectionStarted,collectionEnded,postprocessed,ready) VALUES (69,'red',3,1511,0,0,0,0);
INSERT INTO teammatches(matchID,side,position,teamNumber,collectionStarted,collectionEnded,postprocessed,ready) VALUES (70,'red',3,1625,0,0,0,0);
INSERT INTO teammatches(matchID,side,position,teamNumber,collectionStarted,collectionEnded,postprocessed,ready) VALUES (71,'red',3,3067,0,0,0,0);
INSERT INTO teammatches(matchID,side,position,teamNumber,collectionStarted,collectionEnded,postprocessed,ready) VALUES (72,'red',3,2704,0,0,0,0);
INSERT INTO teammatches(matchID,side,position,teamNumber,collectionStarted,collectionEnded,postprocessed,ready) VALUES (73,'red',3,101,0,0,0,0);
INSERT INTO teammatches(matchID,side,position,teamNumber,collectionStarted,collectionEnded,postprocessed,ready) VALUES (74,'red',3,3184,0,0,0,0);
INSERT INTO teammatches(matchID,side,position,teamNumber,collectionStarted,collectionEnded,postprocessed,ready) VALUES (75,'red',3,3692,0,0,0,0);
INSERT INTO teammatches(matchID,side,position,teamNumber,collectionStarted,collectionEnded,postprocessed,ready) VALUES (1,'blue',1,1288,0,0,0,0);
INSERT INTO teammatches(matchID,side,position,teamNumber,collectionStarted,collectionEnded,postprocessed,ready) VALUES (2,'blue',1,3695,0,0,0,0);
INSERT INTO teammatches(matchID,side,position,teamNumber,collectionStarted,collectionEnded,postprocessed,ready) VALUES (3,'blue',1,5934,0,0,0,0);
INSERT INTO teammatches(matchID,side,position,teamNumber,collectionStarted,collectionEnded,postprocessed,ready) VALUES (4,'blue',1,5442,0,0,0,0);
INSERT INTO teammatches(matchID,side,position,teamNumber,collectionStarted,collectionEnded,postprocessed,ready) VALUES (5,'blue',1,1288,0,0,0,0);
INSERT INTO teammatches(matchID,side,position,teamNumber,collectionStarted,collectionEnded,postprocessed,ready) VALUES (6,'blue',1,4284,0,0,0,0);
INSERT INTO teammatches(matchID,side,position,teamNumber,collectionStarted,collectionEnded,postprocessed,ready) VALUES (7,'blue',1,2451,0,0,0,0);
INSERT INTO teammatches(matchID,side,position,teamNumber,collectionStarted,collectionEnded,postprocessed,ready) VALUES (8,'blue',1,4646,0,0,0,0);
INSERT INTO teammatches(matchID,side,position,teamNumber,collectionStarted,collectionEnded,postprocessed,ready) VALUES (9,'blue',1,3692,0,0,0,0);
INSERT INTO teammatches(matchID,side,position,teamNumber,collectionStarted,collectionEnded,postprocessed,ready) VALUES (10,'blue',1,5484,0,0,0,0);
INSERT INTO teammatches(matchID,side,position,teamNumber,collectionStarted,collectionEnded,postprocessed,ready) VALUES (11,'blue',1,171,0,0,0,0);
INSERT INTO teammatches(matchID,side,position,teamNumber,collectionStarted,collectionEnded,postprocessed,ready) VALUES (12,'blue',1,3352,0,0,0,0);
INSERT INTO teammatches(matchID,side,position,teamNumber,collectionStarted,collectionEnded,postprocessed,ready) VALUES (13,'blue',1,2136,0,0,0,0);
INSERT INTO teammatches(matchID,side,position,teamNumber,collectionStarted,collectionEnded,postprocessed,ready) VALUES (14,'blue',1,16,0,0,0,0);
INSERT INTO teammatches(matchID,side,position,teamNumber,collectionStarted,collectionEnded,postprocessed,ready) VALUES (15,'blue',1,1986,0,0,0,0);
INSERT INTO teammatches(matchID,side,position,teamNumber,collectionStarted,collectionEnded,postprocessed,ready) VALUES (16,'blue',1,5811,0,0,0,0);
INSERT INTO teammatches(matchID,side,position,teamNumber,collectionStarted,collectionEnded,postprocessed,ready) VALUES (17,'blue',1,2081,0,0,0,0);
INSERT INTO teammatches(matchID,side,position,teamNumber,collectionStarted,collectionEnded,postprocessed,ready) VALUES (18,'blue',1,2725,0,0,0,0);
INSERT INTO teammatches(matchID,side,position,teamNumber,collectionStarted,collectionEnded,postprocessed,ready) VALUES (19,'blue',1,1723,0,0,0,0);
INSERT INTO teammatches(matchID,side,position,teamNumber,collectionStarted,collectionEnded,postprocessed,ready) VALUES (20,'blue',1,1329,0,0,0,0);
INSERT INTO teammatches(matchID,side,position,teamNumber,collectionStarted,collectionEnded,postprocessed,ready) VALUES (21,'blue',1,2725,0,0,0,0);
INSERT INTO teammatches(matchID,side,position,teamNumber,collectionStarted,collectionEnded,postprocessed,ready) VALUES (22,'blue',1,2040,0,0,0,0);
INSERT INTO teammatches(matchID,side,position,teamNumber,collectionStarted,collectionEnded,postprocessed,ready) VALUES (23,'blue',1,5350,0,0,0,0);
INSERT INTO teammatches(matchID,side,position,teamNumber,collectionStarted,collectionEnded,postprocessed,ready) VALUES (24,'blue',1,2040,0,0,0,0);
INSERT INTO teammatches(matchID,side,position,teamNumber,collectionStarted,collectionEnded,postprocessed,ready) VALUES (25,'blue',1,4524,0,0,0,0);
INSERT INTO teammatches(matchID,side,position,teamNumber,collectionStarted,collectionEnded,postprocessed,ready) VALUES (26,'blue',1,3734,0,0,0,0);
INSERT INTO teammatches(matchID,side,position,teamNumber,collectionStarted,collectionEnded,postprocessed,ready) VALUES (27,'blue',1,2081,0,0,0,0);
INSERT INTO teammatches(matchID,side,position,teamNumber,collectionStarted,collectionEnded,postprocessed,ready) VALUES (28,'blue',1,1723,0,0,0,0);
INSERT INTO teammatches(matchID,side,position,teamNumber,collectionStarted,collectionEnded,postprocessed,ready) VALUES (29,'blue',1,81,0,0,0,0);
INSERT INTO teammatches(matchID,side,position,teamNumber,collectionStarted,collectionEnded,postprocessed,ready) VALUES (30,'blue',1,2709,0,0,0,0);
INSERT INTO teammatches(matchID,side,position,teamNumber,collectionStarted,collectionEnded,postprocessed,ready) VALUES (31,'blue',1,171,0,0,0,0);
INSERT INTO teammatches(matchID,side,position,teamNumber,collectionStarted,collectionEnded,postprocessed,ready) VALUES (32,'blue',1,3184,0,0,0,0);
INSERT INTO teammatches(matchID,side,position,teamNumber,collectionStarted,collectionEnded,postprocessed,ready) VALUES (33,'blue',1,2451,0,0,0,0);
INSERT INTO teammatches(matchID,side,position,teamNumber,collectionStarted,collectionEnded,postprocessed,ready) VALUES (34,'blue',1,1625,0,0,0,0);
INSERT INTO teammatches(matchID,side,position,teamNumber,collectionStarted,collectionEnded,postprocessed,ready) VALUES (35,'blue',1,81,0,0,0,0);
INSERT INTO teammatches(matchID,side,position,teamNumber,collectionStarted,collectionEnded,postprocessed,ready) VALUES (36,'blue',1,1625,0,0,0,0);
INSERT INTO teammatches(matchID,side,position,teamNumber,collectionStarted,collectionEnded,postprocessed,ready) VALUES (37,'blue',1,1986,0,0,0,0);
INSERT INTO teammatches(matchID,side,position,teamNumber,collectionStarted,collectionEnded,postprocessed,ready) VALUES (38,'blue',1,3110,0,0,0,0);
INSERT INTO teammatches(matchID,side,position,teamNumber,collectionStarted,collectionEnded,postprocessed,ready) VALUES (39,'blue',1,2022,0,0,0,0);
INSERT INTO teammatches(matchID,side,position,teamNumber,collectionStarted,collectionEnded,postprocessed,ready) VALUES (40,'blue',1,1736,0,0,0,0);
INSERT INTO teammatches(matchID,side,position,teamNumber,collectionStarted,collectionEnded,postprocessed,ready) VALUES (41,'blue',1,2725,0,0,0,0);
INSERT INTO teammatches(matchID,side,position,teamNumber,collectionStarted,collectionEnded,postprocessed,ready) VALUES (42,'blue',1,1939,0,0,0,0);
INSERT INTO teammatches(matchID,side,position,teamNumber,collectionStarted,collectionEnded,postprocessed,ready) VALUES (43,'blue',1,171,0,0,0,0);
INSERT INTO teammatches(matchID,side,position,teamNumber,collectionStarted,collectionEnded,postprocessed,ready) VALUES (44,'blue',1,3695,0,0,0,0);
INSERT INTO teammatches(matchID,side,position,teamNumber,collectionStarted,collectionEnded,postprocessed,ready) VALUES (45,'blue',1,2704,0,0,0,0);
INSERT INTO teammatches(matchID,side,position,teamNumber,collectionStarted,collectionEnded,postprocessed,ready) VALUES (46,'blue',1,6651,0,0,0,0);
INSERT INTO teammatches(matchID,side,position,teamNumber,collectionStarted,collectionEnded,postprocessed,ready) VALUES (47,'blue',1,4096,0,0,0,0);
INSERT INTO teammatches(matchID,side,position,teamNumber,collectionStarted,collectionEnded,postprocessed,ready) VALUES (48,'blue',1,1756,0,0,0,0);
INSERT INTO teammatches(matchID,side,position,teamNumber,collectionStarted,collectionEnded,postprocessed,ready) VALUES (49,'blue',1,6651,0,0,0,0);
INSERT INTO teammatches(matchID,side,position,teamNumber,collectionStarted,collectionEnded,postprocessed,ready) VALUES (50,'blue',1,5125,0,0,0,0);
INSERT INTO teammatches(matchID,side,position,teamNumber,collectionStarted,collectionEnded,postprocessed,ready) VALUES (51,'blue',1,4296,0,0,0,0);
INSERT INTO teammatches(matchID,side,position,teamNumber,collectionStarted,collectionEnded,postprocessed,ready) VALUES (52,'blue',1,2451,0,0,0,0);
INSERT INTO teammatches(matchID,side,position,teamNumber,collectionStarted,collectionEnded,postprocessed,ready) VALUES (53,'blue',1,3067,0,0,0,0);
INSERT INTO teammatches(matchID,side,position,teamNumber,collectionStarted,collectionEnded,postprocessed,ready) VALUES (54,'blue',1,2725,0,0,0,0);
INSERT INTO teammatches(matchID,side,position,teamNumber,collectionStarted,collectionEnded,postprocessed,ready) VALUES (55,'blue',1,2081,0,0,0,0);
INSERT INTO teammatches(matchID,side,position,teamNumber,collectionStarted,collectionEnded,postprocessed,ready) VALUES (56,'blue',1,3734,0,0,0,0);
INSERT INTO teammatches(matchID,side,position,teamNumber,collectionStarted,collectionEnded,postprocessed,ready) VALUES (57,'blue',1,2358,0,0,0,0);
INSERT INTO teammatches(matchID,side,position,teamNumber,collectionStarted,collectionEnded,postprocessed,ready) VALUES (58,'blue',1,1288,0,0,0,0);
INSERT INTO teammatches(matchID,side,position,teamNumber,collectionStarted,collectionEnded,postprocessed,ready) VALUES (59,'blue',1,3184,0,0,0,0);
INSERT INTO teammatches(matchID,side,position,teamNumber,collectionStarted,collectionEnded,postprocessed,ready) VALUES (60,'blue',1,1736,0,0,0,0);
INSERT INTO teammatches(matchID,side,position,teamNumber,collectionStarted,collectionEnded,postprocessed,ready) VALUES (61,'blue',1,3692,0,0,0,0);
INSERT INTO teammatches(matchID,side,position,teamNumber,collectionStarted,collectionEnded,postprocessed,ready) VALUES (62,'blue',1,111,0,0,0,0);
INSERT INTO teammatches(matchID,side,position,teamNumber,collectionStarted,collectionEnded,postprocessed,ready) VALUES (63,'blue',1,4979,0,0,0,0);
INSERT INTO teammatches(matchID,side,position,teamNumber,collectionStarted,collectionEnded,postprocessed,ready) VALUES (64,'blue',1,2169,0,0,0,0);
INSERT INTO teammatches(matchID,side,position,teamNumber,collectionStarted,collectionEnded,postprocessed,ready) VALUES (65,'blue',1,1288,0,0,0,0);
INSERT INTO teammatches(matchID,side,position,teamNumber,collectionStarted,collectionEnded,postprocessed,ready) VALUES (66,'blue',1,16,0,0,0,0);
INSERT INTO teammatches(matchID,side,position,teamNumber,collectionStarted,collectionEnded,postprocessed,ready) VALUES (67,'blue',1,111,0,0,0,0);
INSERT INTO teammatches(matchID,side,position,teamNumber,collectionStarted,collectionEnded,postprocessed,ready) VALUES (68,'blue',1,1939,0,0,0,0);
INSERT INTO teammatches(matchID,side,position,teamNumber,collectionStarted,collectionEnded,postprocessed,ready) VALUES (69,'blue',1,2136,0,0,0,0);
INSERT INTO teammatches(matchID,side,position,teamNumber,collectionStarted,collectionEnded,postprocessed,ready) VALUES (70,'blue',1,1723,0,0,0,0);
INSERT INTO teammatches(matchID,side,position,teamNumber,collectionStarted,collectionEnded,postprocessed,ready) VALUES (71,'blue',1,2826,0,0,0,0);
INSERT INTO teammatches(matchID,side,position,teamNumber,collectionStarted,collectionEnded,postprocessed,ready) VALUES (72,'blue',1,2358,0,0,0,0);
INSERT INTO teammatches(matchID,side,position,teamNumber,collectionStarted,collectionEnded,postprocessed,ready) VALUES (73,'blue',1,4646,0,0,0,0);
INSERT INTO teammatches(matchID,side,position,teamNumber,collectionStarted,collectionEnded,postprocessed,ready) VALUES (74,'blue',1,4213,0,0,0,0);
INSERT INTO teammatches(matchID,side,position,teamNumber,collectionStarted,collectionEnded,postprocessed,ready) VALUES (75,'blue',1,1288,0,0,0,0);
INSERT INTO teammatches(matchID,side,position,teamNumber,collectionStarted,collectionEnded,postprocessed,ready) VALUES (1,'blue',2,1592,0,0,0,0);
INSERT INTO teammatches(matchID,side,position,teamNumber,collectionStarted,collectionEnded,postprocessed,ready) VALUES (2,'blue',2,1329,0,0,0,0);
INSERT INTO teammatches(matchID,side,position,teamNumber,collectionStarted,collectionEnded,postprocessed,ready) VALUES (3,'blue',2,4787,0,0,0,0);
INSERT INTO teammatches(matchID,side,position,teamNumber,collectionStarted,collectionEnded,postprocessed,ready) VALUES (4,'blue',2,4213,0,0,0,0);
INSERT INTO teammatches(matchID,side,position,teamNumber,collectionStarted,collectionEnded,postprocessed,ready) VALUES (5,'blue',2,16,0,0,0,0);
INSERT INTO teammatches(matchID,side,position,teamNumber,collectionStarted,collectionEnded,postprocessed,ready) VALUES (6,'blue',2,1939,0,0,0,0);
INSERT INTO teammatches(matchID,side,position,teamNumber,collectionStarted,collectionEnded,postprocessed,ready) VALUES (7,'blue',2,1511,0,0,0,0);
INSERT INTO teammatches(matchID,side,position,teamNumber,collectionStarted,collectionEnded,postprocessed,ready) VALUES (8,'blue',2,3184,0,0,0,0);
INSERT INTO teammatches(matchID,side,position,teamNumber,collectionStarted,collectionEnded,postprocessed,ready) VALUES (9,'blue',2,16,0,0,0,0);
INSERT INTO teammatches(matchID,side,position,teamNumber,collectionStarted,collectionEnded,postprocessed,ready) VALUES (10,'blue',2,2709,0,0,0,0);
INSERT INTO teammatches(matchID,side,position,teamNumber,collectionStarted,collectionEnded,postprocessed,ready) VALUES (11,'blue',2,2220,0,0,0,0);
INSERT INTO teammatches(matchID,side,position,teamNumber,collectionStarted,collectionEnded,postprocessed,ready) VALUES (12,'blue',2,4979,0,0,0,0);
INSERT INTO teammatches(matchID,side,position,teamNumber,collectionStarted,collectionEnded,postprocessed,ready) VALUES (13,'blue',2,3488,0,0,0,0);
INSERT INTO teammatches(matchID,side,position,teamNumber,collectionStarted,collectionEnded,postprocessed,ready) VALUES (14,'blue',2,2781,0,0,0,0);
INSERT INTO teammatches(matchID,side,position,teamNumber,collectionStarted,collectionEnded,postprocessed,ready) VALUES (15,'blue',2,2709,0,0,0,0);
INSERT INTO teammatches(matchID,side,position,teamNumber,collectionStarted,collectionEnded,postprocessed,ready) VALUES (16,'blue',2,4524,0,0,0,0);
INSERT INTO teammatches(matchID,side,position,teamNumber,collectionStarted,collectionEnded,postprocessed,ready) VALUES (17,'blue',2,101,0,0,0,0);
INSERT INTO teammatches(matchID,side,position,teamNumber,collectionStarted,collectionEnded,postprocessed,ready) VALUES (18,'blue',2,4655,0,0,0,0);
INSERT INTO teammatches(matchID,side,position,teamNumber,collectionStarted,collectionEnded,postprocessed,ready) VALUES (19,'blue',2,1739,0,0,0,0);
INSERT INTO teammatches(matchID,side,position,teamNumber,collectionStarted,collectionEnded,postprocessed,ready) VALUES (20,'blue',2,4156,0,0,0,0);
INSERT INTO teammatches(matchID,side,position,teamNumber,collectionStarted,collectionEnded,postprocessed,ready) VALUES (21,'blue',2,6237,0,0,0,0);
INSERT INTO teammatches(matchID,side,position,teamNumber,collectionStarted,collectionEnded,postprocessed,ready) VALUES (22,'blue',2,2725,0,0,0,0);
INSERT INTO teammatches(matchID,side,position,teamNumber,collectionStarted,collectionEnded,postprocessed,ready) VALUES (23,'blue',2,2704,0,0,0,0);
INSERT INTO teammatches(matchID,side,position,teamNumber,collectionStarted,collectionEnded,postprocessed,ready) VALUES (24,'blue',2,1939,0,0,0,0);
INSERT INTO teammatches(matchID,side,position,teamNumber,collectionStarted,collectionEnded,postprocessed,ready) VALUES (25,'blue',2,5350,0,0,0,0);
INSERT INTO teammatches(matchID,side,position,teamNumber,collectionStarted,collectionEnded,postprocessed,ready) VALUES (26,'blue',2,1781,0,0,0,0);
INSERT INTO teammatches(matchID,side,position,teamNumber,collectionStarted,collectionEnded,postprocessed,ready) VALUES (27,'blue',2,2169,0,0,0,0);
INSERT INTO teammatches(matchID,side,position,teamNumber,collectionStarted,collectionEnded,postprocessed,ready) VALUES (28,'blue',2,3488,0,0,0,0);
INSERT INTO teammatches(matchID,side,position,teamNumber,collectionStarted,collectionEnded,postprocessed,ready) VALUES (29,'blue',2,2040,0,0,0,0);
INSERT INTO teammatches(matchID,side,position,teamNumber,collectionStarted,collectionEnded,postprocessed,ready) VALUES (30,'blue',2,1756,0,0,0,0);
INSERT INTO teammatches(matchID,side,position,teamNumber,collectionStarted,collectionEnded,postprocessed,ready) VALUES (31,'blue',2,2022,0,0,0,0);
INSERT INTO teammatches(matchID,side,position,teamNumber,collectionStarted,collectionEnded,postprocessed,ready) VALUES (32,'blue',2,5350,0,0,0,0);
INSERT INTO teammatches(matchID,side,position,teamNumber,collectionStarted,collectionEnded,postprocessed,ready) VALUES (33,'blue',2,2481,0,0,0,0);
INSERT INTO teammatches(matchID,side,position,teamNumber,collectionStarted,collectionEnded,postprocessed,ready) VALUES (34,'blue',2,4787,0,0,0,0);
INSERT INTO teammatches(matchID,side,position,teamNumber,collectionStarted,collectionEnded,postprocessed,ready) VALUES (35,'blue',2,4156,0,0,0,0);
INSERT INTO teammatches(matchID,side,position,teamNumber,collectionStarted,collectionEnded,postprocessed,ready) VALUES (36,'blue',2,3061,0,0,0,0);
INSERT INTO teammatches(matchID,side,position,teamNumber,collectionStarted,collectionEnded,postprocessed,ready) VALUES (37,'blue',2,1511,0,0,0,0);
INSERT INTO teammatches(matchID,side,position,teamNumber,collectionStarted,collectionEnded,postprocessed,ready) VALUES (38,'blue',2,4296,0,0,0,0);
INSERT INTO teammatches(matchID,side,position,teamNumber,collectionStarted,collectionEnded,postprocessed,ready) VALUES (39,'blue',2,2169,0,0,0,0);
INSERT INTO teammatches(matchID,side,position,teamNumber,collectionStarted,collectionEnded,postprocessed,ready) VALUES (40,'blue',2,3734,0,0,0,0);
INSERT INTO teammatches(matchID,side,position,teamNumber,collectionStarted,collectionEnded,postprocessed,ready) VALUES (41,'blue',2,2220,0,0,0,0);
INSERT INTO teammatches(matchID,side,position,teamNumber,collectionStarted,collectionEnded,postprocessed,ready) VALUES (42,'blue',2,2704,0,0,0,0);
INSERT INTO teammatches(matchID,side,position,teamNumber,collectionStarted,collectionEnded,postprocessed,ready) VALUES (43,'blue',2,2169,0,0,0,0);
INSERT INTO teammatches(matchID,side,position,teamNumber,collectionStarted,collectionEnded,postprocessed,ready) VALUES (44,'blue',2,706,0,0,0,0);
INSERT INTO teammatches(matchID,side,position,teamNumber,collectionStarted,collectionEnded,postprocessed,ready) VALUES (45,'blue',2,6651,0,0,0,0);
INSERT INTO teammatches(matchID,side,position,teamNumber,collectionStarted,collectionEnded,postprocessed,ready) VALUES (46,'blue',2,2725,0,0,0,0);
INSERT INTO teammatches(matchID,side,position,teamNumber,collectionStarted,collectionEnded,postprocessed,ready) VALUES (47,'blue',2,3061,0,0,0,0);
INSERT INTO teammatches(matchID,side,position,teamNumber,collectionStarted,collectionEnded,postprocessed,ready) VALUES (48,'blue',2,3620,0,0,0,0);
INSERT INTO teammatches(matchID,side,position,teamNumber,collectionStarted,collectionEnded,postprocessed,ready) VALUES (49,'blue',2,1511,0,0,0,0);
INSERT INTO teammatches(matchID,side,position,teamNumber,collectionStarted,collectionEnded,postprocessed,ready) VALUES (50,'blue',2,1288,0,0,0,0);
INSERT INTO teammatches(matchID,side,position,teamNumber,collectionStarted,collectionEnded,postprocessed,ready) VALUES (51,'blue',2,5934,0,0,0,0);
INSERT INTO teammatches(matchID,side,position,teamNumber,collectionStarted,collectionEnded,postprocessed,ready) VALUES (52,'blue',2,2725,0,0,0,0);
INSERT INTO teammatches(matchID,side,position,teamNumber,collectionStarted,collectionEnded,postprocessed,ready) VALUES (53,'blue',2,4096,0,0,0,0);
INSERT INTO teammatches(matchID,side,position,teamNumber,collectionStarted,collectionEnded,postprocessed,ready) VALUES (54,'blue',2,1986,0,0,0,0);
INSERT INTO teammatches(matchID,side,position,teamNumber,collectionStarted,collectionEnded,postprocessed,ready) VALUES (55,'blue',2,4500,0,0,0,0);
INSERT INTO teammatches(matchID,side,position,teamNumber,collectionStarted,collectionEnded,postprocessed,ready) VALUES (56,'blue',2,2220,0,0,0,0);
INSERT INTO teammatches(matchID,side,position,teamNumber,collectionStarted,collectionEnded,postprocessed,ready) VALUES (57,'blue',2,383,0,0,0,0);
INSERT INTO teammatches(matchID,side,position,teamNumber,collectionStarted,collectionEnded,postprocessed,ready) VALUES (58,'blue',2,2081,0,0,0,0);
INSERT INTO teammatches(matchID,side,position,teamNumber,collectionStarted,collectionEnded,postprocessed,ready) VALUES (59,'blue',2,2169,0,0,0,0);
INSERT INTO teammatches(matchID,side,position,teamNumber,collectionStarted,collectionEnded,postprocessed,ready) VALUES (60,'blue',2,1939,0,0,0,0);
INSERT INTO teammatches(matchID,side,position,teamNumber,collectionStarted,collectionEnded,postprocessed,ready) VALUES (61,'blue',2,2039,0,0,0,0);
INSERT INTO teammatches(matchID,side,position,teamNumber,collectionStarted,collectionEnded,postprocessed,ready) VALUES (62,'blue',2,4645,0,0,0,0);
INSERT INTO teammatches(matchID,side,position,teamNumber,collectionStarted,collectionEnded,postprocessed,ready) VALUES (63,'blue',2,1939,0,0,0,0);
INSERT INTO teammatches(matchID,side,position,teamNumber,collectionStarted,collectionEnded,postprocessed,ready) VALUES (64,'blue',2,4524,0,0,0,0);
INSERT INTO teammatches(matchID,side,position,teamNumber,collectionStarted,collectionEnded,postprocessed,ready) VALUES (65,'blue',2,2451,0,0,0,0);
INSERT INTO teammatches(matchID,side,position,teamNumber,collectionStarted,collectionEnded,postprocessed,ready) VALUES (66,'blue',2,3061,0,0,0,0);
INSERT INTO teammatches(matchID,side,position,teamNumber,collectionStarted,collectionEnded,postprocessed,ready) VALUES (67,'blue',2,1739,0,0,0,0);
INSERT INTO teammatches(matchID,side,position,teamNumber,collectionStarted,collectionEnded,postprocessed,ready) VALUES (68,'blue',2,6651,0,0,0,0);
INSERT INTO teammatches(matchID,side,position,teamNumber,collectionStarted,collectionEnded,postprocessed,ready) VALUES (69,'blue',2,383,0,0,0,0);
INSERT INTO teammatches(matchID,side,position,teamNumber,collectionStarted,collectionEnded,postprocessed,ready) VALUES (70,'blue',2,6237,0,0,0,0);
INSERT INTO teammatches(matchID,side,position,teamNumber,collectionStarted,collectionEnded,postprocessed,ready) VALUES (71,'blue',2,4213,0,0,0,0);
INSERT INTO teammatches(matchID,side,position,teamNumber,collectionStarted,collectionEnded,postprocessed,ready) VALUES (72,'blue',2,2151,0,0,0,0);
INSERT INTO teammatches(matchID,side,position,teamNumber,collectionStarted,collectionEnded,postprocessed,ready) VALUES (73,'blue',2,5811,0,0,0,0);
INSERT INTO teammatches(matchID,side,position,teamNumber,collectionStarted,collectionEnded,postprocessed,ready) VALUES (74,'blue',2,4241,0,0,0,0);
INSERT INTO teammatches(matchID,side,position,teamNumber,collectionStarted,collectionEnded,postprocessed,ready) VALUES (75,'blue',2,2136,0,0,0,0);
INSERT INTO teammatches(matchID,side,position,teamNumber,collectionStarted,collectionEnded,postprocessed,ready) VALUES (1,'blue',3,2039,0,0,0,0);
INSERT INTO teammatches(matchID,side,position,teamNumber,collectionStarted,collectionEnded,postprocessed,ready) VALUES (2,'blue',3,1723,0,0,0,0);
INSERT INTO teammatches(matchID,side,position,teamNumber,collectionStarted,collectionEnded,postprocessed,ready) VALUES (3,'blue',3,2725,0,0,0,0);
INSERT INTO teammatches(matchID,side,position,teamNumber,collectionStarted,collectionEnded,postprocessed,ready) VALUES (4,'blue',3,3067,0,0,0,0);
INSERT INTO teammatches(matchID,side,position,teamNumber,collectionStarted,collectionEnded,postprocessed,ready) VALUES (5,'blue',3,1756,0,0,0,0);
INSERT INTO teammatches(matchID,side,position,teamNumber,collectionStarted,collectionEnded,postprocessed,ready) VALUES (6,'blue',3,3620,0,0,0,0);
INSERT INTO teammatches(matchID,side,position,teamNumber,collectionStarted,collectionEnded,postprocessed,ready) VALUES (7,'blue',3,2826,0,0,0,0);
INSERT INTO teammatches(matchID,side,position,teamNumber,collectionStarted,collectionEnded,postprocessed,ready) VALUES (8,'blue',3,1625,0,0,0,0);
INSERT INTO teammatches(matchID,side,position,teamNumber,collectionStarted,collectionEnded,postprocessed,ready) VALUES (9,'blue',3,1736,0,0,0,0);
INSERT INTO teammatches(matchID,side,position,teamNumber,collectionStarted,collectionEnded,postprocessed,ready) VALUES (10,'blue',3,1986,0,0,0,0);
INSERT INTO teammatches(matchID,side,position,teamNumber,collectionStarted,collectionEnded,postprocessed,ready) VALUES (11,'blue',3,4096,0,0,0,0);
INSERT INTO teammatches(matchID,side,position,teamNumber,collectionStarted,collectionEnded,postprocessed,ready) VALUES (12,'blue',3,2358,0,0,0,0);
INSERT INTO teammatches(matchID,side,position,teamNumber,collectionStarted,collectionEnded,postprocessed,ready) VALUES (13,'blue',3,383,0,0,0,0);
INSERT INTO teammatches(matchID,side,position,teamNumber,collectionStarted,collectionEnded,postprocessed,ready) VALUES (14,'blue',3,144,0,0,0,0);
INSERT INTO teammatches(matchID,side,position,teamNumber,collectionStarted,collectionEnded,postprocessed,ready) VALUES (15,'blue',3,383,0,0,0,0);
INSERT INTO teammatches(matchID,side,position,teamNumber,collectionStarted,collectionEnded,postprocessed,ready) VALUES (16,'blue',3,2040,0,0,0,0);
INSERT INTO teammatches(matchID,side,position,teamNumber,collectionStarted,collectionEnded,postprocessed,ready) VALUES (17,'blue',3,2039,0,0,0,0);
INSERT INTO teammatches(matchID,side,position,teamNumber,collectionStarted,collectionEnded,postprocessed,ready) VALUES (18,'blue',3,383,0,0,0,0);
INSERT INTO teammatches(matchID,side,position,teamNumber,collectionStarted,collectionEnded,postprocessed,ready) VALUES (19,'blue',3,6237,0,0,0,0);
INSERT INTO teammatches(matchID,side,position,teamNumber,collectionStarted,collectionEnded,postprocessed,ready) VALUES (20,'blue',3,4979,0,0,0,0);
INSERT INTO teammatches(matchID,side,position,teamNumber,collectionStarted,collectionEnded,postprocessed,ready) VALUES (21,'blue',3,2781,0,0,0,0);
INSERT INTO teammatches(matchID,side,position,teamNumber,collectionStarted,collectionEnded,postprocessed,ready) VALUES (22,'blue',3,1756,0,0,0,0);
INSERT INTO teammatches(matchID,side,position,teamNumber,collectionStarted,collectionEnded,postprocessed,ready) VALUES (23,'blue',3,3692,0,0,0,0);
INSERT INTO teammatches(matchID,side,position,teamNumber,collectionStarted,collectionEnded,postprocessed,ready) VALUES (24,'blue',3,1723,0,0,0,0);
INSERT INTO teammatches(matchID,side,position,teamNumber,collectionStarted,collectionEnded,postprocessed,ready) VALUES (25,'blue',3,2709,0,0,0,0);
INSERT INTO teammatches(matchID,side,position,teamNumber,collectionStarted,collectionEnded,postprocessed,ready) VALUES (26,'blue',3,4646,0,0,0,0);
INSERT INTO teammatches(matchID,side,position,teamNumber,collectionStarted,collectionEnded,postprocessed,ready) VALUES (27,'blue',3,171,0,0,0,0);
INSERT INTO teammatches(matchID,side,position,teamNumber,collectionStarted,collectionEnded,postprocessed,ready) VALUES (28,'blue',3,4284,0,0,0,0);
INSERT INTO teammatches(matchID,side,position,teamNumber,collectionStarted,collectionEnded,postprocessed,ready) VALUES (29,'blue',3,4655,0,0,0,0);
INSERT INTO teammatches(matchID,side,position,teamNumber,collectionStarted,collectionEnded,postprocessed,ready) VALUES (30,'blue',3,2081,0,0,0,0);
INSERT INTO teammatches(matchID,side,position,teamNumber,collectionStarted,collectionEnded,postprocessed,ready) VALUES (31,'blue',3,2169,0,0,0,0);
INSERT INTO teammatches(matchID,side,position,teamNumber,collectionStarted,collectionEnded,postprocessed,ready) VALUES (32,'blue',3,3488,0,0,0,0);
INSERT INTO teammatches(matchID,side,position,teamNumber,collectionStarted,collectionEnded,postprocessed,ready) VALUES (33,'blue',3,2136,0,0,0,0);
INSERT INTO teammatches(matchID,side,position,teamNumber,collectionStarted,collectionEnded,postprocessed,ready) VALUES (34,'blue',3,6651,0,0,0,0);
INSERT INTO teammatches(matchID,side,position,teamNumber,collectionStarted,collectionEnded,postprocessed,ready) VALUES (35,'blue',3,111,0,0,0,0);
INSERT INTO teammatches(matchID,side,position,teamNumber,collectionStarted,collectionEnded,postprocessed,ready) VALUES (36,'blue',3,4284,0,0,0,0);
INSERT INTO teammatches(matchID,side,position,teamNumber,collectionStarted,collectionEnded,postprocessed,ready) VALUES (37,'blue',3,81,0,0,0,0);
INSERT INTO teammatches(matchID,side,position,teamNumber,collectionStarted,collectionEnded,postprocessed,ready) VALUES (38,'blue',3,111,0,0,0,0);
INSERT INTO teammatches(matchID,side,position,teamNumber,collectionStarted,collectionEnded,postprocessed,ready) VALUES (39,'blue',3,2451,0,0,0,0);
INSERT INTO teammatches(matchID,side,position,teamNumber,collectionStarted,collectionEnded,postprocessed,ready) VALUES (40,'blue',3,4645,0,0,0,0);
INSERT INTO teammatches(matchID,side,position,teamNumber,collectionStarted,collectionEnded,postprocessed,ready) VALUES (41,'blue',3,3692,0,0,0,0);
INSERT INTO teammatches(matchID,side,position,teamNumber,collectionStarted,collectionEnded,postprocessed,ready) VALUES (42,'blue',3,3488,0,0,0,0);
INSERT INTO teammatches(matchID,side,position,teamNumber,collectionStarted,collectionEnded,postprocessed,ready) VALUES (43,'blue',3,2826,0,0,0,0);
INSERT INTO teammatches(matchID,side,position,teamNumber,collectionStarted,collectionEnded,postprocessed,ready) VALUES (44,'blue',3,1723,0,0,0,0);
INSERT INTO teammatches(matchID,side,position,teamNumber,collectionStarted,collectionEnded,postprocessed,ready) VALUES (45,'blue',3,1756,0,0,0,0);
INSERT INTO teammatches(matchID,side,position,teamNumber,collectionStarted,collectionEnded,postprocessed,ready) VALUES (46,'blue',3,1781,0,0,0,0);
INSERT INTO teammatches(matchID,side,position,teamNumber,collectionStarted,collectionEnded,postprocessed,ready) VALUES (47,'blue',3,4156,0,0,0,0);
INSERT INTO teammatches(matchID,side,position,teamNumber,collectionStarted,collectionEnded,postprocessed,ready) VALUES (48,'blue',3,3695,0,0,0,0);
INSERT INTO teammatches(matchID,side,position,teamNumber,collectionStarted,collectionEnded,postprocessed,ready) VALUES (49,'blue',3,144,0,0,0,0);
INSERT INTO teammatches(matchID,side,position,teamNumber,collectionStarted,collectionEnded,postprocessed,ready) VALUES (50,'blue',3,4292,0,0,0,0);
INSERT INTO teammatches(matchID,side,position,teamNumber,collectionStarted,collectionEnded,postprocessed,ready) VALUES (51,'blue',3,171,0,0,0,0);
INSERT INTO teammatches(matchID,side,position,teamNumber,collectionStarted,collectionEnded,postprocessed,ready) VALUES (52,'blue',3,1592,0,0,0,0);
INSERT INTO teammatches(matchID,side,position,teamNumber,collectionStarted,collectionEnded,postprocessed,ready) VALUES (53,'blue',3,4212,0,0,0,0);
INSERT INTO teammatches(matchID,side,position,teamNumber,collectionStarted,collectionEnded,postprocessed,ready) VALUES (54,'blue',3,2151,0,0,0,0);
INSERT INTO teammatches(matchID,side,position,teamNumber,collectionStarted,collectionEnded,postprocessed,ready) VALUES (55,'blue',3,3110,0,0,0,0);
INSERT INTO teammatches(matchID,side,position,teamNumber,collectionStarted,collectionEnded,postprocessed,ready) VALUES (56,'blue',3,4213,0,0,0,0);
INSERT INTO teammatches(matchID,side,position,teamNumber,collectionStarted,collectionEnded,postprocessed,ready) VALUES (57,'blue',3,4241,0,0,0,0);
INSERT INTO teammatches(matchID,side,position,teamNumber,collectionStarted,collectionEnded,postprocessed,ready) VALUES (58,'blue',3,4212,0,0,0,0);
INSERT INTO teammatches(matchID,side,position,teamNumber,collectionStarted,collectionEnded,postprocessed,ready) VALUES (59,'blue',3,1625,0,0,0,0);
INSERT INTO teammatches(matchID,side,position,teamNumber,collectionStarted,collectionEnded,postprocessed,ready) VALUES (60,'blue',3,16,0,0,0,0);
INSERT INTO teammatches(matchID,side,position,teamNumber,collectionStarted,collectionEnded,postprocessed,ready) VALUES (61,'blue',3,5442,0,0,0,0);
INSERT INTO teammatches(matchID,side,position,teamNumber,collectionStarted,collectionEnded,postprocessed,ready) VALUES (62,'blue',3,383,0,0,0,0);
INSERT INTO teammatches(matchID,side,position,teamNumber,collectionStarted,collectionEnded,postprocessed,ready) VALUES (63,'blue',3,2481,0,0,0,0);
INSERT INTO teammatches(matchID,side,position,teamNumber,collectionStarted,collectionEnded,postprocessed,ready) VALUES (64,'blue',3,4213,0,0,0,0);
INSERT INTO teammatches(matchID,side,position,teamNumber,collectionStarted,collectionEnded,postprocessed,ready) VALUES (65,'blue',3,111,0,0,0,0);
INSERT INTO teammatches(matchID,side,position,teamNumber,collectionStarted,collectionEnded,postprocessed,ready) VALUES (66,'blue',3,6237,0,0,0,0);
INSERT INTO teammatches(matchID,side,position,teamNumber,collectionStarted,collectionEnded,postprocessed,ready) VALUES (67,'blue',3,3352,0,0,0,0);
INSERT INTO teammatches(matchID,side,position,teamNumber,collectionStarted,collectionEnded,postprocessed,ready) VALUES (68,'blue',3,2136,0,0,0,0);
INSERT INTO teammatches(matchID,side,position,teamNumber,collectionStarted,collectionEnded,postprocessed,ready) VALUES (69,'blue',3,5934,0,0,0,0);
INSERT INTO teammatches(matchID,side,position,teamNumber,collectionStarted,collectionEnded,postprocessed,ready) VALUES (70,'blue',3,5847,0,0,0,0);
INSERT INTO teammatches(matchID,side,position,teamNumber,collectionStarted,collectionEnded,postprocessed,ready) VALUES (71,'blue',3,4500,0,0,0,0);
INSERT INTO teammatches(matchID,side,position,teamNumber,collectionStarted,collectionEnded,postprocessed,ready) VALUES (72,'blue',3,1939,0,0,0,0);
INSERT INTO teammatches(matchID,side,position,teamNumber,collectionStarted,collectionEnded,postprocessed,ready) VALUES (73,'blue',3,16,0,0,0,0);
INSERT INTO teammatches(matchID,side,position,teamNumber,collectionStarted,collectionEnded,postprocessed,ready) VALUES (74,'blue',3,3138,0,0,0,0);
INSERT INTO teammatches(matchID,side,position,teamNumber,collectionStarted,collectionEnded,postprocessed,ready) VALUES (75,'blue',3,2022,0,0,0,0);
DELETE FROM scouters;
ALTER TABLE scouters AUTO_INCREMENT = 1;
INSERT INTO scouters(name) VALUES ('Romaisa A.');
INSERT INTO scouters(name) VALUES ('Tori A.');
INSERT INTO scouters(name) VALUES ('Grant A.');
INSERT INTO scouters(name) VALUES ('Connor A.');
INSERT INTO scouters(name) VALUES ('Neha A.');
INSERT INTO scouters(name) VALUES ('Emi B.');
INSERT INTO scouters(name) VALUES ('Evan C.');
INSERT INTO scouters(name) VALUES ('Solomia D.');
INSERT INTO scouters(name) VALUES ('Liam F.');
INSERT INTO scouters(name) VALUES ('Isaac F.');
INSERT INTO scouters(name) VALUES ('Alexandre G.');
INSERT INTO scouters(name) VALUES ('Kyle G.');
INSERT INTO scouters(name) VALUES ('Sarah H.');
INSERT INTO scouters(name) VALUES ('Mayank H.');
INSERT INTO scouters(name) VALUES ('Shashank H.');
INSERT INTO scouters(name) VALUES ('Shreya J.');
INSERT INTO scouters(name) VALUES ('Sadie K.');
INSERT INTO scouters(name) VALUES ('Victoria K.');
INSERT INTO scouters(name) VALUES ('Ella K.');
INSERT INTO scouters(name) VALUES ('Edward K.');
INSERT INTO scouters(name) VALUES ('Jeremy L.');
INSERT INTO scouters(name) VALUES ('Jasmine L.');
INSERT INTO scouters(name) VALUES ('Isandro M.');
INSERT INTO scouters(name) VALUES ('Sarah M.');
INSERT INTO scouters(name) VALUES ('Roman M.');
INSERT INTO scouters(name) VALUES ('Omeed M.');
INSERT INTO scouters(name) VALUES ('Rahi M.');
INSERT INTO scouters(name) VALUES ('Anusha M.');
INSERT INTO scouters(name) VALUES ('Jan O.');
INSERT INTO scouters(name) VALUES ('Anna O.');
INSERT INTO scouters(name) VALUES ('Nolan P.');
INSERT INTO scouters(name) VALUES ('Chloe P.');
INSERT INTO scouters(name) VALUES ('Rima R.');
INSERT INTO scouters(name) VALUES ('Jared R.');
INSERT INTO scouters(name) VALUES ('Josh S.');
INSERT INTO scouters(name) VALUES ('Nishant S.');
INSERT INTO scouters(name) VALUES ('Mikhail S.');
INSERT INTO scouters(name) VALUES ('Elizabeth S.');
INSERT INTO scouters(name) VALUES ('Jayasurya S.');
INSERT INTO scouters(name) VALUES ('Nathalie S.');
INSERT INTO scouters(name) VALUES ('David S.');
INSERT INTO scouters(name) VALUES ('Magena T.');
INSERT INTO scouters(name) VALUES ('Ha T.');
INSERT INTO scouters(name) VALUES ('Philip W.');
INSERT INTO scouters(name) VALUES ('Asante W.');
INSERT INTO scouters(name) VALUES ('Yichen Y.');
